run_id,pattern,mode,window_id,timestamp_start,timestamp_end,trace_total_events,trace_block_rq_issue,trace_block_rq_complete,trace_block_rq_insert,trace_avg_sector_distance,trace_sector_jump_ratio,trace_unique_sectors,trace_avg_request_size_kb,bw_mean_kbps,bw_std_kbps,bw_min_kbps,bw_max_kbps,lat_mean_ns,lat_std_ns,lat_p95_ns,iops_mean,iops_std,run_total_io_mb,run_avg_bw_kbps,run_avg_iops,run_avg_lat_ns,run_lat_stddev_ns,run_lat_p99_ns,run_usr_cpu,run_sys_cpu,bs,iodepth,numjobs,direct,cpu_cores,mem_free_mb,label
sequential_1_cold,sequential,cold,0,0.0,2.5,49690,332,332,332,4621481.93,0.4532,332,0,50165.55,8258.73,1977,182975,2747690,2155294,3468276,1.0,0.0,49001.25,418137,3266.7,2353097,1366408,3719168,3.5,18.48,2,4,2,1,2,2686,sequential
sequential_1_cold,sequential,cold,1,2.5,5.0,335067,1018,971,988,2931103.56,0.764,984,0,49076.66,7005.96,27118,88665,2724174,384364,3441996,1.0,0.0,49001.25,418137,3266.7,2353097,1366408,3719168,3.5,18.48,2,4,2,1,2,2686,sequential
sequential_1_cold,sequential,cold,2,5.0,7.5,161095,731,738,731,888752.42,0.7918,729,0,58971.21,13486.8,749,189901,2530930,5613200,3427592,1.0,0.0,49001.25,418137,3266.7,2353097,1366408,3719168,3.5,18.48,2,4,2,1,2,2686,sequential
sequential_1_cold,sequential,cold,3,7.5,10.0,1052,190,172,170,5241693.97,0.8201,171,0,48869.3,7672.74,25917,92294,2750767,448452,3499401,1.0,0.0,49001.25,418137,3266.7,2353097,1366408,3719168,3.5,18.48,2,4,2,1,2,2686,sequential
sequential_1_cold,sequential,cold,4,10.0,12.5,913,156,171,154,4850757.68,0.8645,155,0,51437.85,9362.57,17438,234072,2626278,458440,3338904,1.0,0.0,49001.25,418137,3266.7,2353097,1366408,3719168,3.5,18.48,2,4,2,1,2,2686,sequential
sequential_1_cold,sequential,cold,5,12.5,15.0,36352,5854,5845,5854,383488.65,0.0145,2977,0,47798.42,7854.01,26749,84053,2816463,459108,3534900,1.0,0.0,49001.25,418137,3266.7,2353097,1366408,3719168,3.5,18.48,2,4,2,1,2,2686,sequential
sequential_1_cold,sequential,cold,6,15.0,17.5,43101,7013,7014,7013,642559.86,0.025,3586,0,48653.55,7287.91,25532,89583,2754315,412620,3453357,1.0,0.0,49001.25,418137,3266.7,2353097,1366408,3719168,3.5,18.48,2,4,2,1,2,2686,sequential
sequential_1_cold,sequential,cold,7,17.5,20.0,47713,7751,7733,7730,273605.16,0.0086,3900,0,49324.82,9567.62,20650,458087,2736105,464727,3482619,1.0,0.0,49001.25,418137,3266.7,2353097,1366408,3719168,3.5,18.48,2,4,2,1,2,2686,sequential
sequential_1_cold,sequential,cold,8,20.0,22.5,42158,6906,6903,6905,74803.96,0.0084,3482,0,48678.51,10175.45,26779,144061,2800724,537162,3676199,1.0,0.0,49001.25,418137,3266.7,2353097,1366408,3719168,3.5,18.48,2,4,2,1,2,2686,sequential
sequential_1_cold,sequential,cold,9,22.5,25.0,44349,7230,7218,7213,428224.06,0.0075,3633,0,52266.94,7500.25,25013,101872,2564549,405765,3356851,1.0,0.0,49001.25,418137,3266.7,2353097,1366408,3719168,3.5,18.48,2,4,2,1,2,2686,sequential
sequential_1_cold,sequential,cold,10,25.0,27.5,44304,7200,7201,7200,108074.96,0.0036,3659,0,46945.43,8023.26,15212,99869,2861560,424669,3495100,1.0,0.0,49001.25,418137,3266.7,2353097,1366408,3719168,3.5,18.48,2,4,2,1,2,2686,sequential
sequential_1_cold,sequential,cold,11,27.5,30.0,41872,6817,6802,6801,255110.49,0.0045,3440,0,50162.56,7050.93,22416,133246,2665981,388447,3308656,1.0,0.0,49001.25,418137,3266.7,2353097,1366408,3719168,3.5,18.48,2,4,2,1,2,2686,sequential
sequential_1_cold,sequential,cold,12,30.0,32.5,41498,6768,6768,6768,36373.41,0.0052,3420,0,51203.51,8520.22,22731,197006,2637560,482609,3574045,1.0,0.0,49001.25,418137,3266.7,2353097,1366408,3719168,3.5,18.48,2,4,2,1,2,2686,sequential
sequential_1_cold,sequential,cold,13,32.5,35.0,42497,6940,6941,6941,4782.8,0.0055,3500,0,55971.45,12600.34,15065,188577,2459522,545985,3295285,1.0,0.0,49001.25,418137,3266.7,2353097,1366408,3719168,3.5,18.48,2,4,2,1,2,2686,sequential
sequential_1_cold,sequential,cold,14,35.0,37.5,47499,7759,7746,7743,381658.45,0.0073,3920,0,60004.11,12004.1,15622,98926,2286452,529985,3293630,1.0,0.0,49001.25,418137,3266.7,2353097,1366408,3719168,3.5,18.48,2,4,2,1,2,2686,sequential
sequential_1_cold,sequential,cold,15,37.5,40.0,40854,6642,6644,6643,180204.11,0.006,3370,0,50601.18,7036.05,18033,98333,2641056,379640,3270972,1.0,0.0,49001.25,418137,3266.7,2353097,1366408,3719168,3.5,18.48,2,4,2,1,2,2686,sequential
sequential_1_cold,sequential,cold,16,40.0,42.5,42925,7001,6982,6980,310746.35,0.0044,3531,0,51897.67,7180.46,21659,189944,2577362,391104,3330003,1.0,0.0,49001.25,418137,3266.7,2353097,1366408,3719168,3.5,18.48,2,4,2,1,2,2686,sequential
sequential_1_cold,sequential,cold,17,42.5,45.0,47169,7664,7663,7664,28143.63,0.0074,3873,0,49980.76,10092.37,15826,205415,2715650,490764,3525646,1.0,0.0,49001.25,418137,3266.7,2353097,1366408,3719168,3.5,18.48,2,4,2,1,2,2686,sequential
sequential_1_cold,sequential,cold,18,45.0,47.5,45452,7415,7404,7402,186926.02,0.0043,3742,0,50902.21,7089.81,26345,87216,2627296,383651,3325389,1.0,0.0,49001.25,418137,3266.7,2353097,1366408,3719168,3.5,18.48,2,4,2,1,2,2686,sequential
sequential_1_cold,sequential,cold,19,47.5,50.0,53076,8649,8650,8649,234063.66,0.0077,4361,0,50638.15,10673.22,26384,89502,2691265,502814,3437809,1.0,0.0,49001.25,418137,3266.7,2353097,1366408,3719168,3.5,18.48,2,4,2,1,2,2686,sequential
sequential_1_cold,sequential,cold,20,50.0,52.5,43446,7092,7074,7072,328215.95,0.0069,3572,0,48851.02,6481.63,23733,83735,2729820,361064,3340386,1.0,0.0,49001.25,418137,3266.7,2353097,1366408,3719168,3.5,18.48,2,4,2,1,2,2686,sequential
sequential_1_cold,sequential,cold,21,52.5,55.0,46488,7514,7514,7514,10954.33,0.0072,3823,0,48932.57,7668.46,25592,90404,2743570,426760,3519844,1.0,0.0,49001.25,418137,3266.7,2353097,1366408,3719168,3.5,18.48,2,4,2,1,2,2686,sequential
sequential_1_cold,sequential,cold,22,55.0,57.5,42427,6917,6905,6902,154375.45,0.0058,3497,0,49566.18,7351.57,17575,204173,2701006,409096,3396755,1.0,0.0,49001.25,418137,3266.7,2353097,1366408,3719168,3.5,18.48,2,4,2,1,2,2686,sequential
sequential_1_cold,sequential,cold,23,57.5,60.0,46171,7555,7555,7555,214997.94,0.007,3811,0,50551.33,7892.13,4033,91996,2686543,1045932,3469057,1.0,0.0,49001.25,418137,3266.7,2353097,1366408,3719168,3.5,18.48,2,4,2,1,2,2686,sequential
sequential_1_warm,sequential,warm,0,0.0,2.5,1995,324,317,324,478851.54,0.0124,167,0,57045.56,9693.15,1190,239083,2465820,3448945,2952202,1.0,0.0,56917.25,485681,3794.39,2025260,1611266,3555328,3.3,18.63,2,4,2,1,2,1968,sequential
sequential_1_warm,sequential,warm,1,2.5,5.0,49294,8049,8037,8036,171580.58,0.0041,4059,0,50266.59,7828.48,985,90547,2865411,4620637,3397921,1.0,0.0,56917.25,485681,3794.39,2025260,1611266,3555328,3.3,18.63,2,4,2,1,2,1968,sequential
sequential_1_warm,sequential,warm,2,5.0,7.5,37808,6218,6217,6218,797941.41,0.018,3163,0,46326.11,8223.37,1033,196447,3246196,6359596,3639025,1.0,0.0,56917.25,485681,3794.39,2025260,1611266,3555328,3.3,18.63,2,4,2,1,2,1968,sequential
sequential_1_warm,sequential,warm,3,7.5,10.0,40667,6635,6635,6635,193436.17,0.0054,3340,0,70468.19,7487.85,14763,157890,1891073,326109,2344137,1.0,0.0,56917.25,485681,3794.39,2025260,1611266,3555328,3.3,18.63,2,4,2,1,2,1968,sequential
sequential_1_warm,sequential,warm,4,10.0,12.5,63300,10348,10332,10335,118869.27,0.2504,5199,0,71577.02,5972.85,8554,151975,1861070,504871,2034824,1.0,0.0,56917.25,485681,3794.39,2025260,1611266,3555328,3.3,18.63,2,4,2,1,2,1968,sequential
sequential_1_warm,sequential,warm,5,12.5,15.0,62214,10296,10297,10296,160278.02,0.2534,5179,0,69836.13,6459.52,916,241420,2157665,5746020,2106080,1.0,0.0,56917.25,485681,3794.39,2025260,1611266,3555328,3.3,18.63,2,4,2,1,2,1968,sequential
sequential_1_warm,sequential,warm,6,15.0,17.5,53826,8848,8834,8832,223578.6,0.115,4449,0,70439.86,7149.32,710,262960,2075125,5360666,2112612,1.0,0.0,56917.25,485681,3794.39,2025260,1611266,3555328,3.3,18.63,2,4,2,1,2,1968,sequential
sequential_1_warm,sequential,warm,7,17.5,20.0,55925,9213,9214,9213,11476.66,0.0062,4638,0,71487.92,8321.29,2450,381392,1959027,1746467,2036378,1.0,0.0,56917.25,485681,3794.39,2025260,1611266,3555328,3.3,18.63,2,4,2,1,2,1968,sequential
sequential_1_warm,sequential,warm,8,20.0,22.5,59700,9722,9716,9713,196588.73,0.1833,4916,0,71083.93,5576.37,7866,209195,1876325,563895,2072213,1.0,0.0,56917.25,485681,3794.39,2025260,1611266,3555328,3.3,18.63,2,4,2,1,2,1968,sequential
sequential_1_warm,sequential,warm,9,22.5,25.0,52504,8398,10150,8399,86082.16,0.0493,4269,0,69986.14,6243.05,5730,149821,1933237,930611,2123147,1.0,0.0,56917.25,485681,3794.39,2025260,1611266,3555328,3.3,18.63,2,4,2,1,2,1968,sequential
sequential_1_warm,sequential,warm,10,25.0,27.5,36269,5179,9839,5157,255691.06,0.1209,2819,0,71611.69,5113.06,9793,140326,1858282,490104,2025874,1.0,0.0,56917.25,485681,3794.39,2025260,1611266,3555328,3.3,18.63,2,4,2,1,2,1968,sequential
sequential_1_warm,sequential,warm,11,27.5,30.0,17653,2918,2903,2918,37086.34,0.1676,1824,0,71440.19,5562.23,16717,92512,1852434,259990,2101664,1.0,0.0,56917.25,485681,3794.39,2025260,1611266,3555328,3.3,18.63,2,4,2,1,2,1968,sequential
sequential_1_warm,sequential,warm,12,30.0,32.5,42548,7005,6312,6984,312085.66,0.219,4055,0,69334.99,5000.22,18051,153228,1903270,195648,2112246,1.0,0.0,56917.25,485681,3794.39,2025260,1611266,3555328,3.3,18.63,2,4,2,1,2,1968,sequential
sequential_1_warm,sequential,warm,13,32.5,35.0,61263,10072,10072,10072,227977.28,0.2525,5077,0,71470.94,5622.92,18524,151576,1850240,227981,2066521,1.0,0.0,56917.25,485681,3794.39,2025260,1611266,3555328,3.3,18.63,2,4,2,1,2,1968,sequential
sequential_1_warm,sequential,warm,14,35.0,37.5,63680,10397,10387,10383,113148.72,0.2549,5248,0,71419.54,4969.81,18427,101497,1847806,200920,2049919,1.0,0.0,56917.25,485681,3794.39,2025260,1611266,3555328,3.3,18.63,2,4,2,1,2,1968,sequential
sequential_1_warm,sequential,warm,15,37.5,40.0,58444,9479,10357,9479,317727.93,0.2495,4922,0,69774.64,4909.38,18215,100757,1892047,215756,2105199,1.0,0.0,56917.25,485681,3794.39,2025260,1611266,3555328,3.3,18.63,2,4,2,1,2,1968,sequential
sequential_1_warm,sequential,warm,16,40.0,42.5,47334,7910,6770,7905,448812.38,0.2476,4170,0,71263.32,5399.51,18148,105627,1854693,229844,2090353,1.0,0.0,56917.25,485681,3794.39,2025260,1611266,3555328,3.3,18.63,2,4,2,1,2,1968,sequential
sequential_1_warm,sequential,warm,17,42.5,45.0,55224,8866,10322,8866,15484.52,0.2469,4607,0,71295.88,5317.09,17923,163466,1851900,199525,2077380,1.0,0.0,56917.25,485681,3794.39,2025260,1611266,3555328,3.3,18.63,2,4,2,1,2,1968,sequential
sequential_1_warm,sequential,warm,18,45.0,47.5,35399,4967,10365,4967,23441.61,0.2062,3023,0,70002.76,5904.06,17618,220445,1892025,274445,2153142,1.0,0.0,56917.25,485681,3794.39,2025260,1611266,3555328,3.3,18.63,2,4,2,1,2,1968,sequential
sequential_1_warm,sequential,warm,19,47.5,50.0,61297,9938,10143,9920,330615.02,0.2536,5004,0,70793.05,6354.92,17786,278242,1871552,260253,2101238,1.0,0.0,56917.25,485681,3794.39,2025260,1611266,3555328,3.3,18.63,2,4,2,1,2,1968,sequential
sequential_1_warm,sequential,warm,20,50.0,52.5,57685,9242,10281,9229,122212.04,0.249,4803,0,71490.75,4602.62,18163,93660,1844166,186108,2046299,1.0,0.0,56917.25,485681,3794.39,2025260,1611266,3555328,3.3,18.63,2,4,2,1,2,1968,sequential
sequential_1_warm,sequential,warm,21,52.5,55.0,59066,9613,10400,9614,294003.14,0.2504,4930,0,70114.67,5784.74,18222,103752,1886978,238694,2156548,1.0,0.0,56917.25,485681,3794.39,2025260,1611266,3555328,3.3,18.63,2,4,2,1,2,1968,sequential
sequential_1_warm,sequential,warm,22,55.0,57.5,52980,8425,10190,8410,344178.42,0.2265,4780,0,70743.68,4778.25,18388,102917,1864414,194062,2065454,1.0,0.0,56917.25,485681,3794.39,2025260,1611266,3555328,3.3,18.63,2,4,2,1,2,1968,sequential
sequential_1_warm,sequential,warm,23,57.5,60.0,46036,7223,9430,7223,198404.22,0.2348,4003,0,71748.27,5240.8,18079,114232,1842214,235864,2031792,1.0,0.0,56917.25,485681,3794.39,2025260,1611266,3555328,3.3,18.63,2,4,2,1,2,1968,sequential
sequential_2_cold,sequential,cold,0,0.0,2.5,17652,328,328,328,4236160.71,0.4618,328,0,50460.26,7257.51,27255,123379,2649487,371956,3303577,1.0,0.0,52914.25,451527,3527.56,2176918,519631,3588096,3.3,19.08,2,4,2,1,2,2623,sequential
sequential_2_cold,sequential,cold,1,2.5,5.0,307574,796,761,780,2000301.96,0.7384,779,0,50660.43,10234.08,26988,218305,2675974,468468,3429288,1.0,0.0,52914.25,451527,3527.56,2176918,519631,3588096,3.3,19.08,2,4,2,1,2,2623,sequential
sequential_2_cold,sequential,cold,2,5.0,7.5,202327,697,703,697,790411.77,0.7773,695,0,64518.1,14652.11,15395,521163,2161594,616267,3308330,1.0,0.0,52914.25,451527,3527.56,2176918,519631,3588096,3.3,19.08,2,4,2,1,2,2623,sequential
sequential_2_cold,sequential,cold,3,7.5,10.0,19793,455,455,443,3297966.24,0.8943,444,0,51194.72,11445.03,17827,90433,2680728,553804,3458712,1.0,0.0,52914.25,451527,3527.56,2176918,519631,3588096,3.3,19.08,2,4,2,1,2,2623,sequential
sequential_2_cold,sequential,cold,4,10.0,12.5,81,14,15,14,3702.15,1.0,14,0,51592.36,9699.52,14432,271864,2622887,475858,3458389,1.0,0.0,52914.25,451527,3527.56,2176918,519631,3588096,3.3,19.08,2,4,2,1,2,2623,sequential
sequential_2_cold,sequential,cold,5,12.5,15.0,422,89,67,62,11747544.55,0.7159,63,0,51745.53,7999.8,15958,103768,2588485,377026,3151465,1.0,0.0,52914.25,451527,3527.56,2176918,519631,3588096,3.3,19.08,2,4,2,1,2,2623,sequential
sequential_2_cold,sequential,cold,6,15.0,17.5,28875,4708,4705,4706,213640.63,0.0183,2431,0,65497.33,11838.43,15805,247169,2083044,468342,2985899,1.0,0.0,52914.25,451527,3527.56,2176918,519631,3588096,3.3,19.08,2,4,2,1,2,2623,sequential
sequential_2_cold,sequential,cold,7,17.5,20.0,45536,7445,7445,7445,38216.22,0.0046,3752,0,49895.07,5261.49,24093,87900,2658806,316414,3227535,1.0,0.0,52914.25,451527,3527.56,2176918,519631,3588096,3.3,19.08,2,4,2,1,2,2623,sequential
sequential_2_cold,sequential,cold,8,20.0,22.5,55539,9054,9040,9037,211964.58,0.0272,4551,0,48893.06,6827.35,22788,180503,2729337,369078,3353252,1.0,0.0,52914.25,451527,3527.56,2176918,519631,3588096,3.3,19.08,2,4,2,1,2,2623,sequential
sequential_2_cold,sequential,cold,9,22.5,25.0,42056,6868,6868,6868,61894.96,0.0233,3461,0,49636.65,7618.62,30179,204986,2700766,409188,3502366,1.0,0.0,52914.25,451527,3527.56,2176918,519631,3588096,3.3,19.08,2,4,2,1,2,2623,sequential
sequential_2_cold,sequential,cold,10,25.0,27.5,45502,7449,7440,7436,146710.67,0.006,3743,0,62005.56,12623.95,14225,189274,2215313,525563,3036132,1.0,0.0,52914.25,451527,3527.56,2176918,519631,3588096,3.3,19.08,2,4,2,1,2,2623,sequential
sequential_2_cold,sequential,cold,11,27.5,30.0,45127,7311,7311,7311,53368.4,0.0066,3695,0,56288.24,12071.75,18447,115746,2432052,495821,3188961,1.0,0.0,52914.25,451527,3527.56,2176918,519631,3588096,3.3,19.08,2,4,2,1,2,2623,sequential
sequential_2_cold,sequential,cold,12,30.0,32.5,51017,8346,8322,8325,163768.77,0.0391,4195,0,48713.85,8017.57,24146,228756,2753291,404356,3413607,1.0,0.0,52914.25,451527,3527.56,2176918,519631,3588096,3.3,19.08,2,4,2,1,2,2623,sequential
sequential_2_cold,sequential,cold,13,32.5,35.0,49201,8025,8031,8025,37507.76,0.044,4047,0,54419.12,13710.26,15891,170756,2557272,607504,3492178,1.0,0.0,52914.25,451527,3527.56,2176918,519631,3588096,3.3,19.08,2,4,2,1,2,2623,sequential
sequential_2_cold,sequential,cold,14,35.0,37.5,44061,7201,7189,7188,147165.76,0.0068,3626,0,66001.66,11247.06,15180,106773,2061500,463468,2965109,1.0,0.0,52914.25,451527,3527.56,2176918,519631,3588096,3.3,19.08,2,4,2,1,2,2623,sequential
sequential_2_cold,sequential,cold,15,37.5,40.0,44623,7183,7180,7183,33647.59,0.0043,3674,0,51568.11,10338.25,15697,148518,2630926,480953,3305716,1.0,0.0,52914.25,451527,3527.56,2176918,519631,3588096,3.3,19.08,2,4,2,1,2,2623,sequential
sequential_2_cold,sequential,cold,16,40.0,42.5,44598,7283,7272,7268,198895.96,0.0063,3667,0,51625.77,11132.03,23788,89286,2652857,545619,3538696,1.0,0.0,52914.25,451527,3527.56,2176918,519631,3588096,3.3,19.08,2,4,2,1,2,2623,sequential
sequential_2_cold,sequential,cold,17,42.5,45.0,55340,9084,9085,9084,67121.41,0.0343,4572,0,62918.41,12558.62,22700,212098,2182060,507676,3098391,1.0,0.0,52914.25,451527,3527.56,2176918,519631,3588096,3.3,19.08,2,4,2,1,2,2623,sequential
sequential_2_cold,sequential,cold,18,45.0,47.5,43599,7040,7039,7040,6454.92,0.0075,3579,0,45967.33,6644.56,7415,85509,2921025,632701,3545917,1.0,0.0,52914.25,451527,3527.56,2176918,519631,3588096,3.3,19.08,2,4,2,1,2,2623,sequential
sequential_2_cold,sequential,cold,19,47.5,50.0,46395,7599,7587,7583,178348.13,0.0054,3822,0,46056.09,7446.99,23551,195317,2911311,421566,3548666,1.0,0.0,52914.25,451527,3527.56,2176918,519631,3588096,3.3,19.08,2,4,2,1,2,2623,sequential
sequential_2_cold,sequential,cold,20,50.0,52.5,48828,7993,7993,7993,52361.29,0.0133,4033,0,46261.83,5678.71,27314,108887,2875784,353313,3479131,1.0,0.0,52914.25,451527,3527.56,2176918,519631,3588096,3.3,19.08,2,4,2,1,2,2623,sequential
sequential_2_cold,sequential,cold,21,52.5,55.0,52685,8589,8575,8574,240578.98,0.0066,4317,0,66467.48,9660.11,15446,95235,2024222,372063,2796206,1.0,0.0,52914.25,451527,3527.56,2176918,519631,3588096,3.3,19.08,2,4,2,1,2,2623,sequential
sequential_2_cold,sequential,cold,22,55.0,57.5,42302,6893,6895,6893,13596.56,0.0064,3489,0,71382.03,4591.78,18417,106328,1846314,173999,2038145,1.0,0.0,52914.25,451527,3527.56,2176918,519631,3588096,3.3,19.08,2,4,2,1,2,2623,sequential
sequential_2_cold,sequential,cold,23,57.5,60.0,54699,8982,8971,8969,143758.02,0.0052,4510,0,70754.97,6650.09,15988,289957,1873154,254301,2127701,1.0,0.0,52914.25,451527,3527.56,2176918,519631,3588096,3.3,19.08,2,4,2,1,2,2623,sequential
sequential_2_warm,sequential,warm,0,0.0,2.5,3684,607,600,607,8692.63,0.0017,309,0,53621.54,14307.63,22395,207888,2601591,607160,3384113,1.0,0.0,56756.0,484309,3783.67,2029740,1421556,3522560,3.18,18.95,2,4,2,1,2,1882,sequential
sequential_2_warm,sequential,warm,1,2.5,5.0,46157,7666,7659,7666,57752.93,0.0014,3843,0,70845.9,6230.96,1083,222486,1961725,3392979,2051700,1.0,0.0,56756.0,484309,3783.67,2029740,1421556,3522560,3.18,18.95,2,4,2,1,2,1882,sequential
sequential_2_warm,sequential,warm,2,5.0,7.5,60485,9872,9862,9858,298430.1,0.0833,4960,0,65127.76,12622.5,21746,171331,2111211,520040,3211505,1.0,0.0,56756.0,484309,3783.67,2029740,1421556,3522560,3.18,18.95,2,4,2,1,2,1882,sequential
sequential_2_warm,sequential,warm,3,7.5,10.0,54585,8875,8881,8875,425786.53,0.009,4470,0,48992.08,7221.51,14107,232898,2730268,411878,3354757,1.0,0.0,56756.0,484309,3783.67,2029740,1421556,3522560,3.18,18.95,2,4,2,1,2,1882,sequential
sequential_2_warm,sequential,warm,4,10.0,12.5,43157,7050,7038,7038,305526.31,0.005,3549,0,60735.57,13699.46,17985,280791,2281057,563302,3215187,1.0,0.0,56756.0,484309,3783.67,2029740,1421556,3522560,3.18,18.95,2,4,2,1,2,1882,sequential
sequential_2_warm,sequential,warm,5,12.5,15.0,51156,8335,8335,8335,428691.23,0.0079,4200,0,51949.41,10629.67,25073,150532,2621311,497082,3397432,1.0,0.0,56756.0,484309,3783.67,2029740,1421556,3522560,3.18,18.95,2,4,2,1,2,1882,sequential
sequential_2_warm,sequential,warm,6,15.0,17.5,45194,7393,7374,7373,250090.03,0.003,3718,0,65830.21,11486.12,14935,111041,2075299,496394,3224572,1.0,0.0,56756.0,484309,3783.67,2029740,1421556,3522560,3.18,18.95,2,4,2,1,2,1882,sequential
sequential_2_warm,sequential,warm,7,17.5,20.0,57467,9448,9449,9448,280285.99,0.0906,4748,0,57979.82,11586.28,15889,102016,2356355,494819,3186328,1.0,0.0,56756.0,484309,3783.67,2029740,1421556,3522560,3.18,18.95,2,4,2,1,2,1882,sequential
sequential_2_warm,sequential,warm,8,20.0,22.5,49967,8081,8070,8068,603658.2,0.0105,4072,0,50107.08,12678.78,14529,477601,2744344,579248,3669785,1.0,0.0,56756.0,484309,3783.67,2029740,1421556,3522560,3.18,18.95,2,4,2,1,2,1882,sequential
sequential_2_warm,sequential,warm,9,22.5,25.0,44132,7216,7216,7216,301109.08,0.0055,3640,0,49787.73,9418.05,20799,164556,2719100,483957,3516446,1.0,0.0,56756.0,484309,3783.67,2029740,1421556,3522560,3.18,18.95,2,4,2,1,2,1882,sequential
sequential_2_warm,sequential,warm,10,25.0,27.5,41974,6853,6843,6840,288535.62,0.0051,3457,0,47911.99,8178.23,1112,324165,2933539,4022367,3461826,1.0,0.0,56756.0,484309,3783.67,2029740,1421556,3522560,3.18,18.95,2,4,2,1,2,1882,sequential
sequential_2_warm,sequential,warm,11,27.5,30.0,40043,6522,6521,6522,274641.17,0.0049,3304,0,62056.29,13350.4,25109,122687,2244642,626514,3557239,1.0,0.0,56756.0,484309,3783.67,2029740,1421556,3522560,3.18,18.95,2,4,2,1,2,1882,sequential
sequential_2_warm,sequential,warm,12,30.0,32.5,53855,8848,8833,8838,236484.19,0.0331,4444,0,59549.83,11080.9,14640,270237,2284852,474418,3142298,1.0,0.0,56756.0,484309,3783.67,2029740,1421556,3522560,3.18,18.95,2,4,2,1,2,1882,sequential
sequential_2_warm,sequential,warm,13,32.5,35.0,50653,8238,8244,8235,317042.89,0.0222,4166,0,48596.27,8918.1,22279,87364,2781771,478291,3619977,1.0,0.0,56756.0,484309,3783.67,2029740,1421556,3522560,3.18,18.95,2,4,2,1,2,1882,sequential
sequential_2_warm,sequential,warm,14,35.0,37.5,44077,7208,7207,7208,364549.45,0.0067,3639,0,70854.89,5405.03,15738,147873,1864247,215047,2076103,1.0,0.0,56756.0,484309,3783.67,2029740,1421556,3522560,3.18,18.95,2,4,2,1,2,1882,sequential
sequential_2_warm,sequential,warm,15,37.5,40.0,62833,10338,10320,10323,302509.88,0.2039,5195,0,67909.5,5949.41,25962,102598,1947504,206174,2226782,1.0,0.0,56756.0,484309,3783.67,2029740,1421556,3522560,3.18,18.95,2,4,2,1,2,1882,sequential
sequential_2_warm,sequential,warm,16,40.0,42.5,59880,9859,9860,9859,270430.03,0.2547,4969,0,70433.57,6460.68,14967,278111,1881616,259830,2145577,1.0,0.0,56756.0,484309,3783.67,2029740,1421556,3522560,3.18,18.95,2,4,2,1,2,1882,sequential
sequential_2_warm,sequential,warm,17,42.5,45.0,63214,10300,10289,10286,346530.76,0.236,5188,0,71146.33,5334.03,18032,108399,1857500,231630,2056965,1.0,0.0,56756.0,484309,3783.67,2029740,1421556,3522560,3.18,18.95,2,4,2,1,2,1882,sequential
sequential_2_warm,sequential,warm,18,45.0,47.5,62814,10363,10362,10363,206596.34,0.2537,5214,0,68789.03,6095.42,18795,133904,1926013,257498,2191744,1.0,0.0,56756.0,484309,3783.67,2029740,1421556,3522560,3.18,18.95,2,4,2,1,2,1882,sequential
sequential_2_warm,sequential,warm,19,47.5,50.0,61173,9972,9960,9956,352759.07,0.2544,5030,0,70004.52,6075.34,21269,158936,1890033,216424,2177977,1.0,0.0,56756.0,484309,3783.67,2029740,1421556,3522560,3.18,18.95,2,4,2,1,2,1882,sequential
sequential_2_warm,sequential,warm,20,50.0,52.5,62052,10221,10220,10221,236352.2,0.2533,5159,0,70190.64,5486.38,1056,102796,1980423,3490470,2085125,1.0,0.0,56756.0,484309,3783.67,2029740,1421556,3522560,3.18,18.95,2,4,2,1,2,1882,sequential
sequential_2_warm,sequential,warm,21,52.5,55.0,60009,9797,9785,9781,303169.93,0.2552,4952,0,69851.23,5420.73,18352,91103,1891021,201002,2130135,1.0,0.0,56756.0,484309,3783.67,2029740,1421556,3522560,3.18,18.95,2,4,2,1,2,1882,sequential
sequential_2_warm,sequential,warm,22,55.0,57.5,61572,10141,10140,10141,298936.91,0.2533,5120,0,69565.78,5499.81,18337,130908,1899286,206980,2161592,1.0,0.0,56756.0,484309,3783.67,2029740,1421556,3522560,3.18,18.95,2,4,2,1,2,1882,sequential
sequential_2_warm,sequential,warm,23,57.5,60.0,45714,6949,10153,6928,324016.5,0.227,3874,0,70505.02,5597.51,18345,143979,1875554,228430,2086900,1.0,0.0,56756.0,484309,3783.67,2029740,1421556,3522560,3.18,18.95,2,4,2,1,2,1882,sequential
sequential_3_cold,sequential,cold,0,0.0,2.5,21115,332,332,332,4478965.15,0.4622,332,0,47374.16,8044.62,5765,240297,2867639,869245,3607371,1.0,0.0,48686.88,415454,3245.74,2367623,548427,3719168,3.46,18.59,2,4,2,1,2,2684,sequential
sequential_3_cold,sequential,cold,1,2.5,5.0,310479,764,738,752,2814706.14,0.7654,749,0,58425.1,11423.44,15420,145400,2335335,489178,3187778,1.0,0.0,48686.88,415454,3245.74,2367623,548427,3719168,3.46,18.59,2,4,2,1,2,2684,sequential
sequential_3_cold,sequential,cold,2,5.0,7.5,49431,167,168,167,4294037.59,0.6687,166,0,69956.46,5118.52,15286,197476,1886858,206163,2134070,1.0,0.0,48686.88,415454,3245.74,2367623,548427,3719168,3.46,18.59,2,4,2,1,2,2684,sequential
sequential_3_cold,sequential,cold,3,7.5,10.0,165274,814,808,805,1227610.5,0.7946,806,0,68457.03,5882.99,17981,145210,1931418,213447,2168380,1.0,0.0,48686.88,415454,3245.74,2367623,548427,3719168,3.46,18.59,2,4,2,1,2,2684,sequential
sequential_3_cold,sequential,cold,4,10.0,12.5,386,76,63,58,5421711.36,0.7333,59,0,64182.42,11324.07,18352,113106,2125000,488234,3004916,1.0,0.0,48686.88,415454,3245.74,2367623,548427,3719168,3.46,18.59,2,4,2,1,2,2684,sequential
sequential_3_cold,sequential,cold,5,12.5,15.0,86,14,20,14,3702.15,1.0,14,0,51737.94,6870.25,25047,93047,2579393,355548,3180314,1.0,0.0,48686.88,415454,3245.74,2367623,548427,3719168,3.46,18.59,2,4,2,1,2,2684,sequential
sequential_3_cold,sequential,cold,6,15.0,17.5,1563,281,275,264,5137896.57,0.9393,265,0,52670.58,8667.16,17362,90058,2556764,439873,3285725,1.0,0.0,48686.88,415454,3245.74,2367623,548427,3719168,3.46,18.59,2,4,2,1,2,2684,sequential
sequential_3_cold,sequential,cold,7,17.5,20.0,41225,6726,6719,6726,81816.88,0.0049,3393,0,48106.33,5973.57,22086,205682,2764593,347132,3420158,1.0,0.0,48686.88,415454,3245.74,2367623,548427,3719168,3.46,18.59,2,4,2,1,2,2684,sequential
sequential_3_cold,sequential,cold,8,20.0,22.5,50165,8219,8218,8219,91776.09,0.0191,4140,0,50413.1,9824.17,21178,292521,2685727,468381,3411905,1.0,0.0,48686.88,415454,3245.74,2367623,548427,3719168,3.46,18.59,2,4,2,1,2,2684,sequential
sequential_3_cold,sequential,cold,9,22.5,25.0,62325,10197,10177,10180,220636.26,0.0639,5125,0,70772.31,5200.08,15323,115725,1865494,209296,2083767,1.0,0.0,48686.88,415454,3245.74,2367623,548427,3719168,3.46,18.59,2,4,2,1,2,2684,sequential
sequential_3_cold,sequential,cold,10,25.0,27.5,60439,9945,9945,9945,24535.62,0.1217,4998,0,70043.4,4926.07,19545,119270,1883182,183435,2145078,1.0,0.0,48686.88,415454,3245.74,2367623,548427,3719168,3.46,18.59,2,4,2,1,2,2684,sequential
sequential_3_cold,sequential,cold,11,27.5,30.0,56497,9071,9064,9055,305734.3,0.0245,4585,0,68685.1,6536.38,7306,186221,1940399,512487,2194600,1.0,0.0,48686.88,415454,3245.74,2367623,548427,3719168,3.46,18.59,2,4,2,1,2,2684,sequential
sequential_3_cold,sequential,cold,12,30.0,32.5,45448,7386,7387,7386,134587.6,0.0062,3760,0,71810.4,4092.02,19169,123911,1833183,151458,1994967,1.0,0.0,48686.88,415454,3245.74,2367623,548427,3719168,3.46,18.59,2,4,2,1,2,2684,sequential
sequential_3_cold,sequential,cold,13,32.5,35.0,45978,7524,7510,7508,246860.67,0.0053,3776,0,70152.8,4764.33,25721,139947,1880218,187811,2076339,1.0,0.0,48686.88,415454,3245.74,2367623,548427,3719168,3.46,18.59,2,4,2,1,2,2684,sequential
sequential_3_cold,sequential,cold,14,35.0,37.5,42678,6971,6972,6971,10351.44,0.0072,3514,0,68593.94,5273.26,17800,117182,1924712,192256,2150291,1.0,0.0,48686.88,415454,3245.74,2367623,548427,3719168,3.46,18.59,2,4,2,1,2,2684,sequential
sequential_3_cold,sequential,cold,15,37.5,40.0,43727,7143,7133,7130,279111.41,0.0083,3599,0,71478.66,5668.95,18461,123521,1851041,242136,2115558,1.0,0.0,48686.88,415454,3245.74,2367623,548427,3719168,3.46,18.59,2,4,2,1,2,2684,sequential
sequential_3_cold,sequential,cold,16,40.0,42.5,62518,10306,10300,10306,99749.36,0.2055,5177,0,70026.01,5161.03,26680,119468,1886791,215277,2089979,1.0,0.0,48686.88,415454,3245.74,2367623,548427,3719168,3.46,18.59,2,4,2,1,2,2684,sequential
sequential_3_cold,sequential,cold,17,42.5,45.0,62045,10211,10210,10211,70925.21,0.2533,5140,0,46740.98,8915.8,20420,110435,2905546,544946,3662107,1.0,0.0,48686.88,415454,3245.74,2367623,548427,3719168,3.46,18.59,2,4,2,1,2,2684,sequential
sequential_3_cold,sequential,cold,18,45.0,47.5,61038,9938,9923,9920,233719.66,0.2553,5009,0,50123.45,6018.39,24186,79111,2653736,332782,3266124,1.0,0.0,48686.88,415454,3245.74,2367623,548427,3719168,3.46,18.59,2,4,2,1,2,2684,sequential
sequential_3_cold,sequential,cold,19,47.5,50.0,63422,10454,10455,10454,95615.16,0.2532,5273,0,57132.54,12845.01,18823,235897,2413606,550211,3359487,1.0,0.0,48686.88,415454,3245.74,2367623,548427,3719168,3.46,18.59,2,4,2,1,2,2684,sequential
sequential_3_cold,sequential,cold,20,50.0,52.5,62907,10245,10233,10230,234997.66,0.2546,5186,0,50814.26,7045.6,23016,99370,2631031,383612,3348546,1.0,0.0,48686.88,415454,3245.74,2367623,548427,3719168,3.46,18.59,2,4,2,1,2,2684,sequential
sequential_3_cold,sequential,cold,21,52.5,55.0,60491,9967,9966,9967,64964.77,0.2538,5034,0,48435.95,6866.38,26751,119164,2759461,388820,3478615,1.0,0.0,48686.88,415454,3245.74,2367623,548427,3719168,3.46,18.59,2,4,2,1,2,2684,sequential
sequential_3_cold,sequential,cold,22,55.0,57.5,46618,7032,10360,7014,450213.27,0.2273,3856,0,46793.52,6400.42,19529,88240,2854793,410793,3575169,1.0,0.0,48686.88,415454,3245.74,2367623,548427,3719168,3.46,18.59,2,4,2,1,2,2684,sequential
sequential_3_cold,sequential,cold,23,57.5,60.0,62593,10250,10250,10250,139141.03,0.1219,5158,0,52030.49,7493.91,26522,90928,2577218,412427,3433691,1.0,0.0,48686.88,415454,3245.74,2367623,548427,3719168,3.46,18.59,2,4,2,1,2,2684,sequential
sequential_3_warm,sequential,warm,0,0.0,2.5,2202,360,353,360,130849.14,0.0056,184,0,52767.47,10543.38,1339,251063,2675812,3185166,3286676,1.0,0.0,52964.25,451954,3530.89,2176850,1142121,3817472,3.3,18.67,2,4,2,1,2,1986,sequential
sequential_3_warm,sequential,warm,1,2.5,5.0,46210,7552,7546,7544,291979.54,0.0057,3792,0,48059.18,10003.24,708,202607,3112199,6601112,3521976,1.0,0.0,52964.25,451954,3530.89,2176850,1142121,3817472,3.3,18.67,2,4,2,1,2,1986,sequential
sequential_3_warm,sequential,warm,2,5.0,7.5,37968,6192,6192,6192,337458.87,0.0168,3142,0,41547.78,6008.33,14998,180182,3209136,407593,3693861,1.0,0.0,52964.25,451954,3530.89,2176850,1142121,3817472,3.3,18.67,2,4,2,1,2,1986,sequential
sequential_3_warm,sequential,warm,3,7.5,10.0,35825,5899,5886,5883,157870.29,0.002,2950,0,41511.09,15907.9,2445,168683,4099944,3916024,10744253,1.0,0.0,52964.25,451954,3530.89,2176850,1142121,3817472,3.3,18.67,2,4,2,1,2,1986,sequential
sequential_3_warm,sequential,warm,4,10.0,12.5,31690,5124,5122,5122,862689.01,0.0697,2717,0,42481.54,7415.1,22729,85179,3173185,516127,3883221,1.0,0.0,52964.25,451954,3530.89,2176850,1142121,3817472,3.3,18.67,2,4,2,1,2,1986,sequential
sequential_3_warm,sequential,warm,5,12.5,15.0,36662,5946,5934,5933,185123.48,0.0069,3003,0,45173.22,6507.88,16360,198073,2956333,416853,3600739,1.0,0.0,52964.25,451954,3530.89,2176850,1142121,3817472,3.3,18.67,2,4,2,1,2,1986,sequential
sequential_3_warm,sequential,warm,6,15.0,17.5,39875,6504,6504,6504,226651.68,0.0088,3280,0,47991.34,7696.81,23823,96876,2800867,445295,3535951,1.0,0.0,52964.25,451954,3530.89,2176850,1142121,3817472,3.3,18.67,2,4,2,1,2,1986,sequential
sequential_3_warm,sequential,warm,7,17.5,20.0,43139,7053,7038,7037,293048.8,0.0071,3545,0,56029.58,10553.7,24502,254201,2423213,466312,3174083,1.0,0.0,52964.25,451954,3530.89,2176850,1142121,3817472,3.3,18.67,2,4,2,1,2,1986,sequential
sequential_3_warm,sequential,warm,8,20.0,22.5,49407,8123,8118,8123,112412.46,0.1002,4097,0,70169.84,4868.88,28037,86179,1879800,178967,2124241,1.0,0.0,52964.25,451954,3530.89,2176850,1142121,3817472,3.3,18.67,2,4,2,1,2,1986,sequential
sequential_3_warm,sequential,warm,9,22.5,25.0,62488,10210,10205,10195,165218.07,0.0942,5128,0,69525.43,6072.05,17641,181082,1906001,268308,2135093,1.0,0.0,52964.25,451954,3530.89,2176850,1142121,3817472,3.3,18.67,2,4,2,1,2,1986,sequential
sequential_3_warm,sequential,warm,10,25.0,27.5,62150,10159,10152,10159,170417.09,0.2544,5117,0,63184.82,13408.78,15678,165950,2185339,548709,3289972,1.0,0.0,52964.25,451954,3530.89,2176850,1142121,3817472,3.3,18.67,2,4,2,1,2,1986,sequential
sequential_3_warm,sequential,warm,11,27.5,30.0,52651,8576,8581,8576,147448.39,0.1201,4323,0,57255.37,13154.62,19564,200474,2416891,578724,3289160,1.0,0.0,52964.25,451954,3530.89,2176850,1142121,3817472,3.3,18.67,2,4,2,1,2,1986,sequential
sequential_3_warm,sequential,warm,12,30.0,32.5,50838,8306,8192,8182,1012947.73,0.0242,4156,0,67878.71,7630.26,17587,95468,1966569,333220,2584454,1.0,0.0,52964.25,451954,3530.89,2176850,1142121,3817472,3.3,18.67,2,4,2,1,2,1986,sequential
sequential_3_warm,sequential,warm,13,32.5,35.0,58501,9527,9532,9527,49029.37,0.1156,4797,0,48401.03,10468.35,22775,237454,2813536,517235,3623448,1.0,0.0,52964.25,451954,3530.89,2176850,1142121,3817472,3.3,18.67,2,4,2,1,2,1986,sequential
sequential_3_warm,sequential,warm,14,35.0,37.5,42639,6975,6965,6964,235476.19,0.0085,3510,0,62462.12,11193.54,15823,92787,2178207,455970,3154579,1.0,0.0,52964.25,451954,3530.89,2176850,1142121,3817472,3.3,18.67,2,4,2,1,2,1986,sequential
sequential_3_warm,sequential,warm,15,37.5,40.0,55071,9035,9031,9035,78879.77,0.004,4542,0,70160.0,4658.32,17402,182377,1878641,176700,2097308,1.0,0.0,52964.25,451954,3530.89,2176850,1142121,3817472,3.3,18.67,2,4,2,1,2,1986,sequential
sequential_3_warm,sequential,warm,16,40.0,42.5,61928,10201,10200,10201,83707.91,0.0753,5124,0,68220.48,6398.6,17698,117431,1944765,276695,2198196,1.0,0.0,52964.25,451954,3530.89,2176850,1142121,3817472,3.3,18.67,2,4,2,1,2,1986,sequential
sequential_3_warm,sequential,warm,17,42.5,45.0,60634,9931,9918,9916,139955.23,0.2388,5004,0,71552.72,5508.21,12953,146706,1849451,291786,2074654,1.0,0.0,52964.25,451954,3530.89,2176850,1142121,3817472,3.3,18.67,2,4,2,1,2,1986,sequential
sequential_3_warm,sequential,warm,18,45.0,47.5,64469,10479,10479,10479,185996.39,0.2529,5292,0,70170.08,4815.84,15082,114265,1880958,219535,2118291,1.0,0.0,52964.25,451954,3530.89,2176850,1142121,3817472,3.3,18.67,2,4,2,1,2,1986,sequential
sequential_3_warm,sequential,warm,19,47.5,50.0,63020,10232,10224,10215,146980.88,0.2201,5157,0,68841.55,5451.77,17945,90486,1920429,241472,2164605,1.0,0.0,52964.25,451954,3530.89,2176850,1142121,3817472,3.3,18.67,2,4,2,1,2,1986,sequential
sequential_3_warm,sequential,warm,20,50.0,52.5,60558,10002,9996,10002,51215.74,0.254,5027,0,71171.25,6048.87,15178,104093,1863869,307630,2110838,1.0,0.0,52964.25,451954,3530.89,2176850,1142121,3817472,3.3,18.67,2,4,2,1,2,1986,sequential
sequential_3_warm,sequential,warm,21,52.5,55.0,63245,10324,10313,10304,236495.19,0.2546,5194,0,70052.29,4623.08,15056,111925,1881416,174933,2089018,1.0,0.0,52964.25,451954,3530.89,2176850,1142121,3817472,3.3,18.67,2,4,2,1,2,1986,sequential
sequential_3_warm,sequential,warm,22,55.0,57.5,62068,10231,10225,10231,80112.21,0.253,5154,0,69437.06,6226.77,18246,241706,1907140,242627,2175540,1.0,0.0,52964.25,451954,3530.89,2176850,1142121,3817472,3.3,18.67,2,4,2,1,2,1986,sequential
sequential_3_warm,sequential,warm,23,57.5,60.0,61409,10061,10051,10048,143713.81,0.2577,5072,0,70075.24,5572.07,18466,104377,1886263,218703,2094771,1.0,0.0,52964.25,451954,3530.89,2176850,1142121,3817472,3.3,18.67,2,4,2,1,2,1986,sequential
random_1_cold,random,cold,0,0.0,2.5,24784,329,329,329,4252977.98,0.4512,329,0,8728.06,4454.55,24,44634,610071,2701568,965493,1.0,0.0,24389.27,208120,52030.01,589463,855675,1187840,9.72,61.8,2,16,2,1,2,1622,random
random_1_cold,random,cold,1,2.5,5.0,330899,943,894,914,3735851.8,0.7473,910,0,8753.89,4444.61,934,43672,564361,235642,951598,1.0,0.0,24389.27,208120,52030.01,589463,855675,1187840,9.72,61.8,2,16,2,1,2,1622,random
random_1_cold,random,cold,2,5.0,7.5,115850,273,284,273,2053365.12,0.7831,273,0,7860.97,3493.93,1026,41100,596169,208337,935447,1.0,0.0,24389.27,208120,52030.01,589463,855675,1187840,9.72,61.8,2,16,2,1,2,1622,random
random_1_cold,random,cold,3,7.5,10.0,52172,287,282,283,6208225.12,0.8042,284,0,8812.53,4514.7,1019,42519,563950,240565,956879,1.0,0.0,24389.27,208120,52030.01,589463,855675,1187840,9.72,61.8,2,16,2,1,2,1622,random
random_1_cold,random,cold,4,10.0,12.5,23721,178,189,178,1087750.33,0.8249,178,0,8522.95,4266.83,1312,47580,573230,223527,953977,1.0,0.0,24389.27,208120,52030.01,589463,855675,1187840,9.72,61.8,2,16,2,1,2,1622,random
random_1_cold,random,cold,5,12.5,15.0,1034,186,173,169,5149960.56,0.9189,170,0,8258.34,4039.12,1167,40521,584177,221903,946592,1.0,0.0,24389.27,208120,52030.01,589463,855675,1187840,9.72,61.8,2,16,2,1,2,1622,random
random_1_cold,random,cold,6,15.0,17.5,1005,178,168,178,4914.62,0.9831,178,0,8001.15,3718.1,856,40731,592573,222750,935031,1.0,0.0,24389.27,208120,52030.01,589463,855675,1187840,9.72,61.8,2,16,2,1,2,1622,random
random_1_cold,random,cold,7,17.5,20.0,140587,23241,24652,23133,21439576.33,0.9989,22972,0,7336.84,2816.29,137,40982,630833,509750,969188,1.0,0.0,24389.27,208120,52030.01,589463,855675,1187840,9.72,61.8,2,16,2,1,2,1622,random
random_1_cold,random,cold,8,20.0,22.5,80213,13223,14177,13136,21125797.01,0.9982,13150,0,8242.56,4302.67,822,41824,609785,283231,1074369,1.0,0.0,24389.27,208120,52030.01,589463,855675,1187840,9.72,61.8,2,16,2,1,2,1622,random
random_1_cold,random,cold,9,22.5,25.0,80173,12843,14155,13214,20849740.36,0.9985,12787,0,8693.53,4394.02,33,40636,597409,1952923,956131,1.0,0.0,24389.27,208120,52030.01,589463,855675,1187840,9.72,61.8,2,16,2,1,2,1622,random
random_1_cold,random,cold,10,25.0,27.5,80320,13218,14287,13111,21221962.35,0.9983,13147,0,8272.88,4005.79,824,44172,582652,223914,945325,1.0,0.0,24389.27,208120,52030.01,589463,855675,1187840,9.72,61.8,2,16,2,1,2,1622,random
random_1_cold,random,cold,11,27.5,30.0,40069,6613,7133,6574,20466793.07,0.9986,6594,0,8734.84,4474.79,1067,41865,566856,234007,963395,1.0,0.0,24389.27,208120,52030.01,589463,855675,1187840,9.72,61.8,2,16,2,1,2,1622,random
random_1_cold,random,cold,12,30.0,32.5,61721,9580,14010,9503,20614752.05,0.9983,9542,0,8432.64,4183.79,958,40683,578035,230694,955774,1.0,0.0,24389.27,208120,52030.01,589463,855675,1187840,9.72,61.8,2,16,2,1,2,1622,random
random_1_cold,random,cold,13,32.5,35.0,58430,9950,7083,10294,20558512.76,0.9988,9899,0,8379.01,4147.7,1010,43128,579480,226647,949055,1.0,0.0,24389.27,208120,52030.01,589463,855675,1187840,9.72,61.8,2,16,2,1,2,1622,random
random_1_cold,random,cold,14,35.0,37.5,80208,13319,14159,13121,20475373.62,0.9986,13221,0,8278.52,4012.93,944,60885,582151,225067,946045,1.0,0.0,24389.27,208120,52030.01,589463,855675,1187840,9.72,61.8,2,16,2,1,2,1622,random
random_1_cold,random,cold,15,37.5,40.0,123594,19313,27857,18927,20020127.46,0.9916,19037,0,7416.58,2790.87,34,37351,643541,1922360,935268,1.0,0.0,24389.27,208120,52030.01,589463,855675,1187840,9.72,61.8,2,16,2,1,2,1622,random
random_1_cold,random,cold,16,40.0,42.5,71901,11806,11446,12017,21116473.58,0.9983,11732,0,7635.23,3547.79,1003,42469,627158,249089,1063322,1.0,0.0,24389.27,208120,52030.01,589463,855675,1187840,9.72,61.8,2,16,2,1,2,1622,random
random_1_cold,random,cold,17,42.5,45.0,48428,7565,9642,7772,20131811.97,0.9981,7547,0,8470.82,4220.28,993,41124,577157,235036,957009,1.0,0.0,24389.27,208120,52030.01,589463,855675,1187840,9.72,61.8,2,16,2,1,2,1622,random
random_1_cold,random,cold,18,45.0,47.5,66118,11069,9765,11281,20971837.17,0.9986,11029,0,8692.85,4457.57,1049,41073,569819,240190,963093,1.0,0.0,24389.27,208120,52030.01,589463,855675,1187840,9.72,61.8,2,16,2,1,2,1622,random
random_1_cold,random,cold,19,47.5,50.0,54183,8859,11600,8406,20976925.56,0.9989,8817,0,8689.22,4361.81,1152,42415,565490,230323,945390,1.0,0.0,24389.27,208120,52030.01,589463,855675,1187840,9.72,61.8,2,16,2,1,2,1622,random
random_1_cold,random,cold,20,50.0,52.5,80099,13060,14072,13191,20969514.28,0.9983,12968,0,8503.56,4272.79,1071,42941,575567,234634,949661,1.0,0.0,24389.27,208120,52030.01,589463,855675,1187840,9.72,61.8,2,16,2,1,2,1622,random
random_1_cold,random,cold,21,52.5,55.0,80175,13113,14108,13166,21150396.65,0.9985,13014,0,8616.33,4339.36,35,50965,598646,1847177,951512,1.0,0.0,24389.27,208120,52030.01,589463,855675,1187840,9.72,61.8,2,16,2,1,2,1622,random
random_1_cold,random,cold,22,55.0,57.5,61696,9506,13928,9524,20598605.71,0.9983,9464,0,7932.17,3594.92,949,40134,593661,215366,931065,1.0,0.0,24389.27,208120,52030.01,589463,855675,1187840,9.72,61.8,2,16,2,1,2,1622,random
random_1_cold,random,cold,23,57.5,60.0,58194,9932,6852,10352,20128814.89,0.9983,9876,0,7699.67,3481.38,961,47364,616150,238178,1013862,1.0,0.0,24389.27,208120,52030.01,589463,855675,1187840,9.72,61.8,2,16,2,1,2,1622,random
random_1_warm,random,warm,0,0.0,2.5,50058,8341,8310,8341,22109252.13,0.9987,8312,0,7637.45,4269.02,137,47218,694055,576382,1262364,1.0,0.0,20593.56,175728,43932.2,705253,727898,1531904,8.26,43.76,2,16,2,1,2,163,random
random_1_warm,random,warm,1,2.5,5.0,148371,23693,23443,25212,19505576.44,0.9983,23409,0,7275.43,3756.28,17,56383,811154,4855206,1226143,1.0,0.0,20593.56,175728,43932.2,705253,727898,1531904,8.26,43.76,2,16,2,1,2,163,random
random_1_warm,random,warm,2,5.0,7.5,79341,12885,12442,13422,19411852.6,0.9957,12790,0,7507.78,4031.9,1120,49605,689078,320633,1269678,1.0,0.0,20593.56,175728,43932.2,705253,727898,1531904,8.26,43.76,2,16,2,1,2,163,random
random_1_warm,random,warm,3,7.5,10.0,39653,6530,6341,6695,19390961.98,0.9989,6508,0,7469.77,4007.86,703,65476,688558,321066,1240085,1.0,0.0,20593.56,175728,43932.2,705253,727898,1531904,8.26,43.76,2,16,2,1,2,163,random
random_1_warm,random,warm,4,10.0,12.5,81957,15111,16683,12369,18261896.44,0.9978,15012,0,7455.28,3930.41,1173,45241,689653,317434,1262280,1.0,0.0,20593.56,175728,43932.2,705253,727898,1531904,8.26,43.76,2,16,2,1,2,163,random
random_1_warm,random,warm,5,12.5,15.0,82758,15628,18571,12064,18042280.8,0.9971,15534,0,7321.06,7406.68,613,2105912,697556,318450,1249226,1.0,0.0,20593.56,175728,43932.2,705253,727898,1531904,8.26,43.76,2,16,2,1,2,163,random
random_1_warm,random,warm,6,15.0,17.5,73401,19155,28762,6276,16777116.59,0.9971,18986,0,7292.58,3769.16,1241,60673,695864,311755,1256034,1.0,0.0,20593.56,175728,43932.2,705253,727898,1531904,8.26,43.76,2,16,2,1,2,163,random
random_1_warm,random,warm,7,17.5,20.0,79605,18308,25503,8843,17216007.73,0.9979,18158,0,7027.24,3528.91,891,42357,710147,306526,1240133,1.0,0.0,20593.56,175728,43932.2,705253,727898,1531904,8.26,43.76,2,16,2,1,2,163,random
random_1_warm,random,warm,8,20.0,22.5,69715,15347,19786,8589,14116820.58,0.9956,15229,0,7073.57,3568.93,1019,38488,703126,295251,1229419,1.0,0.0,20593.56,175728,43932.2,705253,727898,1531904,8.26,43.76,2,16,2,1,2,163,random
random_1_warm,random,warm,9,22.5,25.0,64203,15180,17279,7898,17653555.42,0.9974,15078,0,5902.71,2408.33,718,38005,793024,310933,1373916,1.0,0.0,20593.56,175728,43932.2,705253,727898,1531904,8.26,43.76,2,16,2,1,2,163,random
random_1_warm,random,warm,10,25.0,27.5,103865,19716,23003,14895,17935900.68,0.974,19407,0,7491.2,4023.89,1037,45751,689428,321302,1261665,1.0,0.0,20593.56,175728,43932.2,705253,727898,1531904,8.26,43.76,2,16,2,1,2,163,random
random_1_warm,random,warm,11,27.5,30.0,73913,16113,18819,9612,17965836.67,0.9976,15991,0,7501.16,4008.3,1011,53320,687094,318679,1251286,1.0,0.0,20593.56,175728,43932.2,705253,727898,1531904,8.26,43.76,2,16,2,1,2,163,random
random_1_warm,random,warm,12,30.0,32.5,86497,17217,21779,11774,17185846.78,0.9975,17087,0,7460.63,3930.14,1165,49950,687503,314751,1250747,1.0,0.0,20593.56,175728,43932.2,705253,727898,1531904,8.26,43.76,2,16,2,1,2,163,random
random_1_warm,random,warm,13,32.5,35.0,63412,12054,13421,9452,18373191.26,0.998,11985,0,7461.59,3975.51,721,62932,690722,324779,1254148,1.0,0.0,20593.56,175728,43932.2,705253,727898,1531904,8.26,43.76,2,16,2,1,2,163,random
random_1_warm,random,warm,14,35.0,37.5,93421,21100,26562,11276,16752762.52,0.9969,20884,0,7029.23,3542.47,865,64291,704813,295261,1216518,1.0,0.0,20593.56,175728,43932.2,705253,727898,1531904,8.26,43.76,2,16,2,1,2,163,random
random_1_warm,random,warm,15,37.5,40.0,67537,16505,23534,6811,17136195.51,0.9981,16381,0,7547.57,4119.76,873,68885,691011,327356,1277775,1.0,0.0,20593.56,175728,43932.2,705253,727898,1531904,8.26,43.76,2,16,2,1,2,163,random
random_1_warm,random,warm,16,40.0,42.5,63955,14056,17145,8155,16500222.57,0.9978,13964,0,7474.18,3985.17,347,134604,700882,387414,1297299,1.0,0.0,20593.56,175728,43932.2,705253,727898,1531904,8.26,43.76,2,16,2,1,2,163,random
random_1_warm,random,warm,17,42.5,45.0,163080,34136,40455,21600,18219871.96,0.9968,33507,0,7345.21,3883.31,531,62304,694865,330235,1236235,1.0,0.0,20593.56,175728,43932.2,705253,727898,1531904,8.26,43.76,2,16,2,1,2,163,random
random_1_warm,random,warm,18,45.0,47.5,77323,21569,33784,5254,15313711.79,0.9974,21320,0,6508.27,2931.2,681,70338,725694,266524,1168503,1.0,0.0,20593.56,175728,43932.2,705253,727898,1531904,8.26,43.76,2,16,2,1,2,163,random
random_1_warm,random,warm,19,47.5,50.0,81499,12569,13597,13767,17715161.07,0.992,12493,0,6731.31,3423.63,894,64044,740009,314599,1305970,1.0,0.0,20593.56,175728,43932.2,705253,727898,1531904,8.26,43.76,2,16,2,1,2,163,random
random_1_warm,random,warm,20,50.0,52.5,43722,10920,13081,4871,17373594.63,0.988,10832,0,7156.09,3632.68,685,61137,700450,308257,1239917,1.0,0.0,20593.56,175728,43932.2,705253,727898,1531904,8.26,43.76,2,16,2,1,2,163,random
random_1_warm,random,warm,21,52.5,55.0,110175,26671,34420,12113,16472309.38,0.9966,26318,0,7505.33,4014.48,742,79289,688063,321977,1256883,1.0,0.0,20593.56,175728,43932.2,705253,727898,1531904,8.26,43.76,2,16,2,1,2,163,random
random_1_warm,random,warm,22,55.0,57.5,98728,21931,28761,11660,18459024.65,0.9973,21700,0,7420.73,3960.05,433,70789,695346,352480,1261372,1.0,0.0,20593.56,175728,43932.2,705253,727898,1531904,8.26,43.76,2,16,2,1,2,163,random
random_1_warm,random,warm,23,57.5,60.0,108641,17844,15900,18567,19893463.8,0.9985,17701,0,6872.35,3394.23,1146,61943,716176,296866,1234180,1.0,0.0,20593.56,175728,43932.2,705253,727898,1531904,8.26,43.76,2,16,2,1,2,163,random
random_2_cold,random,cold,0,0.0,2.5,33509,332,332,332,4492448.39,0.4562,332,0,10005.81,5644.52,992,47593,525165,250990,964530,1.0,0.0,26342.2,224784,56196.22,543779,734480,1187840,9.82,67.2,2,16,2,1,2,1579,random
random_2_cold,random,cold,1,2.5,5.0,230970,581,544,553,5227375.35,0.7138,553,0,10027.97,5701.33,1056,64108,526881,256313,975840,1.0,0.0,26342.2,224784,56196.22,543779,734480,1187840,9.82,67.2,2,16,2,1,2,1579,random
random_2_cold,random,cold,2,5.0,7.5,192278,631,626,631,1148105.78,0.8,629,0,9637.86,5317.35,1031,41529,532496,241820,944702,1.0,0.0,26342.2,224784,56196.22,543779,734480,1187840,9.82,67.2,2,16,2,1,2,1579,random
random_2_cold,random,cold,3,7.5,10.0,54334,323,293,292,3422306.98,0.7453,292,0,10014.01,5678.72,999,42061,526950,259408,971426,1.0,0.0,26342.2,224784,56196.22,543779,734480,1187840,9.82,67.2,2,16,2,1,2,1579,random
random_2_cold,random,cold,4,10.0,12.5,36651,192,202,192,290287.75,0.801,191,0,9590.15,5308.53,894,42636,536258,246992,955140,1.0,0.0,26342.2,224784,56196.22,543779,734480,1187840,9.82,67.2,2,16,2,1,2,1579,random
random_2_cold,random,cold,5,12.5,15.0,1027,182,171,166,5732363.93,0.9171,167,0,9315.03,4998.95,108,46312,548942,603546,938775,1.0,0.0,26342.2,224784,56196.22,543779,734480,1187840,9.82,67.2,2,16,2,1,2,1579,random
random_2_cold,random,cold,6,15.0,17.5,974,172,163,172,7566.22,1.0,172,0,8811.27,4625.21,924,42207,564001,236566,978604,1.0,0.0,26342.2,224784,56196.22,543779,734480,1187840,9.82,67.2,2,16,2,1,2,1579,random
random_2_cold,random,cold,7,17.5,20.0,93,8,17,15,35373185.14,1.0,8,0,8460.66,4149.69,33,52028,603315,1922876,965482,1.0,0.0,26342.2,224784,56196.22,543779,734480,1187840,9.82,67.2,2,16,2,1,2,1579,random
random_2_cold,random,cold,8,20.0,22.5,306,69,59,47,10626510.59,0.8088,56,0,9935.74,5598.26,967,43022,529097,257914,973204,1.0,0.0,26342.2,224784,56196.22,543779,734480,1187840,9.82,67.2,2,16,2,1,2,1579,random
random_2_cold,random,cold,9,22.5,25.0,182355,29493,36125,29077,25208149.84,0.9993,29081,0,9660.8,5347.25,1011,45760,533903,247408,957088,1.0,0.0,26342.2,224784,56196.22,543779,734480,1187840,9.82,67.2,2,16,2,1,2,1579,random
random_2_cold,random,cold,10,25.0,27.5,58526,10063,7338,10248,24655875.04,0.9988,10043,0,9990.05,5614.29,910,45711,526456,256355,966690,1.0,0.0,26342.2,224784,56196.22,543779,734480,1187840,9.82,67.2,2,16,2,1,2,1579,random
random_2_cold,random,cold,11,27.5,30.0,84143,12882,21973,12183,24959853.72,0.9981,12805,0,10005.35,5719.21,805,44272,529941,263587,986514,1.0,0.0,26342.2,224784,56196.22,543779,734480,1187840,9.82,67.2,2,16,2,1,2,1579,random
random_2_cold,random,cold,12,30.0,32.5,67471,11282,10240,11405,24552478.56,0.9983,11221,0,9810.78,5485.73,1246,49585,529624,242816,961286,1.0,0.0,26342.2,224784,56196.22,543779,734480,1187840,9.82,67.2,2,16,2,1,2,1579,random
random_2_cold,random,cold,13,32.5,35.0,81052,13084,14937,13138,24900847.2,0.9983,13022,0,9404.37,5316.62,34,63336,580987,1871882,1008960,1.0,0.0,26342.2,224784,56196.22,543779,734480,1187840,9.82,67.2,2,16,2,1,2,1579,random
random_2_cold,random,cold,14,35.0,37.5,92331,14561,18280,14801,24581534.94,0.9986,14471,0,9461.23,5144.57,1379,43147,536472,230866,944824,1.0,0.0,26342.2,224784,56196.22,543779,734480,1187840,9.82,67.2,2,16,2,1,2,1579,random
random_2_cold,random,cold,15,37.5,40.0,40458,6275,7197,6686,23843186.95,0.9973,6272,0,8234.61,3711.22,891,43561,572549,213409,919465,1.0,0.0,26342.2,224784,56196.22,543779,734480,1187840,9.82,67.2,2,16,2,1,2,1579,random
random_2_cold,random,cold,16,40.0,42.5,120746,19912,21595,19583,24025998.39,0.9971,19695,0,9984.46,5626.78,1072,66185,524709,246373,960756,1.0,0.0,26342.2,224784,56196.22,543779,734480,1187840,9.82,67.2,2,16,2,1,2,1579,random
random_2_cold,random,cold,17,42.5,45.0,62159,9697,14586,9378,24427868.23,0.9982,9653,0,10000.74,5674.96,929,45300,526660,251814,970325,1.0,0.0,26342.2,224784,56196.22,543779,734480,1187840,9.82,67.2,2,16,2,1,2,1579,random
random_2_cold,random,cold,18,45.0,47.5,80336,13136,14530,13116,24288559.88,0.9974,13032,0,10023.93,5709.96,1079,45632,527073,255335,976026,1.0,0.0,26342.2,224784,56196.22,543779,734480,1187840,9.82,67.2,2,16,2,1,2,1579,random
random_2_cold,random,cold,19,47.5,50.0,80306,13107,14498,13130,24740718.84,0.9989,13063,0,9565.66,5260.86,773,57129,535805,245287,950119,1.0,0.0,26342.2,224784,56196.22,543779,734480,1187840,9.82,67.2,2,16,2,1,2,1579,random
random_2_cold,random,cold,20,50.0,52.5,62194,9627,14819,9377,25087585.22,0.9988,9591,0,9502.92,5182.12,34,52664,563938,1837855,942474,1.0,0.0,26342.2,224784,56196.22,543779,734480,1187840,9.82,67.2,2,16,2,1,2,1579,random
random_2_cold,random,cold,21,52.5,55.0,58496,10083,7273,10252,24804791.14,0.9987,10061,0,8849.87,4545.35,895,43111,556106,229670,950061,1.0,0.0,26342.2,224784,56196.22,543779,734480,1187840,9.82,67.2,2,16,2,1,2,1579,random
random_2_cold,random,cold,22,55.0,57.5,62183,9758,14877,9354,24510311.29,0.9991,9716,0,8771.08,4350.66,1289,40828,551857,211659,905174,1.0,0.0,26342.2,224784,56196.22,543779,734480,1187840,9.82,67.2,2,16,2,1,2,1579,random
random_2_cold,random,cold,23,57.5,60.0,40248,6750,7335,6507,23824417.81,0.9967,6731,0,9464.17,5293.1,998,41620,547236,255739,989589,1.0,0.0,26342.2,224784,56196.22,543779,734480,1187840,9.82,67.2,2,16,2,1,2,1579,random
random_2_warm,random,warm,0,0.0,2.5,45192,7530,7498,7530,25520553.99,0.9988,7506,0,7662.61,4187.72,84,40738,690246,854385,1252143,1.0,0.0,21052.05,179641,44910.3,690207,545632,1499136,8.08,43.9,2,16,2,1,2,160,random
random_2_warm,random,warm,1,2.5,5.0,178107,34040,39783,25906,20014453.77,0.9981,33469,0,7552.48,3917.25,742,48393,676583,312028,1226104,1.0,0.0,21052.05,179641,44910.3,690207,545632,1499136,8.08,43.9,2,16,2,1,2,160,random
random_2_warm,random,warm,2,5.0,7.5,92433,21704,32239,9596,19851582.71,0.9972,21492,0,7736.22,4233.36,23,47904,726240,3052963,1241380,1.0,0.0,21052.05,179641,44910.3,690207,545632,1499136,8.08,43.9,2,16,2,1,2,160,random
random_2_warm,random,warm,3,7.5,10.0,84735,17378,21338,11266,20906950.79,0.9978,17225,0,7655.98,4128.09,809,55665,677207,319053,1242434,1.0,0.0,21052.05,179641,44910.3,690207,545632,1499136,8.08,43.9,2,16,2,1,2,160,random
random_2_warm,random,warm,4,10.0,12.5,73558,22781,33646,4177,17787796.7,0.9965,22507,0,7595.32,4003.64,1115,71607,674691,307974,1226035,1.0,0.0,21052.05,179641,44910.3,690207,545632,1499136,8.08,43.9,2,16,2,1,2,160,random
random_2_warm,random,warm,5,12.5,15.0,63786,14437,17478,7935,19128139.05,0.9978,14349,0,7505.74,3855.61,920,55474,680696,319476,1237589,1.0,0.0,21052.05,179641,44910.3,690207,545632,1499136,8.08,43.9,2,16,2,1,2,160,random
random_2_warm,random,warm,6,15.0,17.5,97211,25777,37807,8207,17877413.93,0.9978,25446,0,7533.99,3923.75,874,78326,680560,317660,1237880,1.0,0.0,21052.05,179641,44910.3,690207,545632,1499136,8.08,43.9,2,16,2,1,2,160,random
random_2_warm,random,warm,7,17.5,20.0,109466,27354,38559,10761,19217208.27,0.9976,27005,0,7434.58,3866.96,703,41399,685526,320469,1235418,1.0,0.0,21052.05,179641,44910.3,690207,545632,1499136,8.08,43.9,2,16,2,1,2,160,random
random_2_warm,random,warm,8,20.0,22.5,103294,19611,22862,15105,19586147.81,0.9978,19428,0,6582.89,2845.02,1074,41225,707398,240499,1107889,1.0,0.0,21052.05,179641,44910.3,690207,545632,1499136,8.08,43.9,2,16,2,1,2,160,random
random_2_warm,random,warm,9,22.5,25.0,81950,14136,17191,12534,20990909.57,0.9971,14046,0,6411.65,3020.32,647,38454,750870,313074,1281620,1.0,0.0,21052.05,179641,44910.3,690207,545632,1499136,8.08,43.9,2,16,2,1,2,160,random
random_2_warm,random,warm,10,25.0,27.5,141537,23260,25751,22633,20012763.48,0.9811,22908,0,7594.97,4016.98,1063,53408,677895,312987,1244529,1.0,0.0,21052.05,179641,44910.3,690207,545632,1499136,8.08,43.9,2,16,2,1,2,160,random
random_2_warm,random,warm,11,27.5,30.0,46066,12888,17362,3942,19013635.52,0.9968,12814,0,7245.23,3659.62,863,129850,690447,302746,1221641,1.0,0.0,21052.05,179641,44910.3,690207,545632,1499136,8.08,43.9,2,16,2,1,2,160,random
random_2_warm,random,warm,12,30.0,32.5,88802,20661,28981,9641,18559392.71,0.9972,20475,0,7492.21,3943.6,671,64865,681983,315925,1229604,1.0,0.0,21052.05,179641,44910.3,690207,545632,1499136,8.08,43.9,2,16,2,1,2,160,random
random_2_warm,random,warm,13,32.5,35.0,88049,20257,27711,9903,19286794.86,0.9979,20058,0,7494.72,3864.71,1144,82467,681292,311703,1238929,1.0,0.0,21052.05,179641,44910.3,690207,545632,1499136,8.08,43.9,2,16,2,1,2,160,random
random_2_warm,random,warm,14,35.0,37.5,66306,19415,29781,4202,18485948.23,0.9961,19214,0,7645.36,4076.02,794,73698,673159,316483,1219051,1.0,0.0,21052.05,179641,44910.3,690207,545632,1499136,8.08,43.9,2,16,2,1,2,160,random
random_2_warm,random,warm,15,37.5,40.0,85269,14326,14589,14059,21924825.63,0.9983,14224,0,7661.0,4185.8,1238,126642,678698,316870,1249143,1.0,0.0,21052.05,179641,44910.3,690207,545632,1499136,8.08,43.9,2,16,2,1,2,160,random
random_2_warm,random,warm,16,40.0,42.5,60686,10928,11068,9550,19579223.12,0.997,10876,0,7245.94,3642.77,882,58179,688986,296934,1209959,1.0,0.0,21052.05,179641,44910.3,690207,545632,1499136,8.08,43.9,2,16,2,1,2,160,random
random_2_warm,random,warm,17,42.5,45.0,96368,25902,42814,6782,18276311.4,0.9973,25586,0,6944.81,3401.9,900,83174,697869,273896,1163444,1.0,0.0,21052.05,179641,44910.3,690207,545632,1499136,8.08,43.9,2,16,2,1,2,160,random
random_2_warm,random,warm,18,45.0,47.5,87585,18341,22077,11699,20297718.44,0.998,18175,0,6356.33,2926.29,881,37581,749792,286681,1262411,1.0,0.0,21052.05,179641,44910.3,690207,545632,1499136,8.08,43.9,2,16,2,1,2,160,random
random_2_warm,random,warm,19,47.5,50.0,77130,12203,13305,12735,21398287.89,0.9846,12104,0,7480.62,3847.13,774,65632,678502,305639,1217736,1.0,0.0,21052.05,179641,44910.3,690207,545632,1499136,8.08,43.9,2,16,2,1,2,160,random
random_2_warm,random,warm,20,50.0,52.5,46200,12834,17629,3917,19011996.06,0.9973,12757,0,7486.71,4033.25,798,91954,686158,317969,1240047,1.0,0.0,21052.05,179641,44910.3,690207,545632,1499136,8.08,43.9,2,16,2,1,2,160,random
random_2_warm,random,warm,21,52.5,55.0,120986,28034,38344,13506,19181805.85,0.9975,27651,0,7275.45,3617.95,1232,60327,683186,290960,1190000,1.0,0.0,21052.05,179641,44910.3,690207,545632,1499136,8.08,43.9,2,16,2,1,2,160,random
random_2_warm,random,warm,22,55.0,57.5,106640,29608,44230,8095,18348148.85,0.9974,29156,0,7515.89,3897.69,959,61043,680453,319166,1227043,1.0,0.0,21052.05,179641,44910.3,690207,545632,1499136,8.08,43.9,2,16,2,1,2,160,random
random_2_warm,random,warm,23,57.5,60.0,125811,24312,30038,17531,19409243.98,0.9976,24017,0,7511.4,3854.4,985,87106,677831,310686,1225587,1.0,0.0,21052.05,179641,44910.3,690207,545632,1499136,8.08,43.9,2,16,2,1,2,160,random
random_3_cold,random,cold,0,0.0,2.5,19842,329,329,329,4905341.12,0.4634,329,0,7931.35,4028.81,35,62992,656726,1918061,1079763,1.0,0.0,21985.21,187605,46901.38,656861,903405,1335296,8.24,52.51,2,16,2,1,2,1659,random
random_3_cold,random,cold,1,2.5,5.0,285093,769,727,737,5841868.62,0.7422,734,0,7926.47,4005.97,32,43799,657667,2052697,1072842,1.0,0.0,21985.21,187605,46901.38,656861,903405,1335296,8.24,52.51,2,16,2,1,2,1659,random
random_3_cold,random,cold,2,5.0,7.5,55731,55,58,55,10904871.7,0.6852,55,0,7879.38,3980.58,734,42638,627183,267334,1067184,1.0,0.0,21985.21,187605,46901.38,656861,903405,1335296,8.24,52.51,2,16,2,1,2,1659,random
random_3_cold,random,cold,3,7.5,10.0,43828,209,190,187,4984326.58,0.7356,187,0,7927.27,3992.59,934,40003,624872,269187,1068414,1.0,0.0,21985.21,187605,46901.38,656861,903405,1335296,8.24,52.51,2,16,2,1,2,1659,random
random_3_cold,random,cold,4,10.0,12.5,50543,209,204,209,1192561.88,0.7548,209,0,7632.19,3754.5,977,40385,636895,253998,1049562,1.0,0.0,21985.21,187605,46901.38,656861,903405,1335296,8.24,52.51,2,16,2,1,2,1659,random
random_3_cold,random,cold,5,12.5,15.0,50366,184,169,178,2628455.08,0.8361,179,0,7454.75,3534.4,1230,43641,642485,240926,1040671,1.0,0.0,21985.21,187605,46901.38,656861,903405,1335296,8.24,52.51,2,16,2,1,2,1659,random
random_3_cold,random,cold,6,15.0,17.5,43295,218,202,196,1639593.95,0.7097,197,0,7703.58,3891.85,652,45183,637844,267578,1069583,1.0,0.0,21985.21,187605,46901.38,656861,903405,1335296,8.24,52.51,2,16,2,1,2,1659,random
random_3_cold,random,cold,7,17.5,20.0,1005,173,174,163,4798059.72,0.9012,164,0,6982.78,3046.27,23,49049,717633,3028042,1033839,1.0,0.0,21985.21,187605,46901.38,656861,903405,1335296,8.24,52.51,2,16,2,1,2,1659,random
random_3_cold,random,cold,8,20.0,22.5,998,177,167,177,280974.55,0.9489,177,0,6094.16,1981.75,781,35768,739668,251453,1208829,1.0,0.0,21985.21,187605,46901.38,656861,903405,1335296,8.24,52.51,2,16,2,1,2,1659,random
random_3_cold,random,cold,9,22.5,25.0,366,61,69,61,209328.4,0.85,61,0,7373.27,3530.16,975,39626,652416,248292,1063565,1.0,0.0,21985.21,187605,46901.38,656861,903405,1335296,8.24,52.51,2,16,2,1,2,1659,random
random_3_cold,random,cold,10,25.0,27.5,166,35,25,25,19956800.0,0.7059,26,0,7450.23,3659.86,851,51136,652674,265156,1080108,1.0,0.0,21985.21,187605,46901.38,656861,903405,1335296,8.24,52.51,2,16,2,1,2,1659,random
random_3_cold,random,cold,11,27.5,30.0,743,142,111,122,13710863.04,0.8865,123,0,7771.99,3894.46,935,43191,635497,266769,1087614,1.0,0.0,21985.21,187605,46901.38,656861,903405,1335296,8.24,52.51,2,16,2,1,2,1659,random
random_3_cold,random,cold,12,30.0,32.5,200215,33200,36964,32385,21809323.78,0.9987,32664,0,7675.46,3855.61,611,43451,641601,281170,1079052,1.0,0.0,21985.21,187605,46901.38,656861,903405,1335296,8.24,52.51,2,16,2,1,2,1659,random
random_3_cold,random,cold,13,32.5,35.0,49118,8055,7680,8256,20929489.74,0.9974,8032,0,7416.61,3555.41,1177,56355,648373,245303,1050514,1.0,0.0,21985.21,187605,46901.38,656861,903405,1335296,8.24,52.51,2,16,2,1,2,1659,random
random_3_cold,random,cold,14,35.0,37.5,89363,14380,13360,15348,20972093.19,0.9985,14284,0,7642.41,3864.63,636,41336,644910,271069,1089077,1.0,0.0,21985.21,187605,46901.38,656861,903405,1335296,8.24,52.51,2,16,2,1,2,1659,random
random_3_cold,random,cold,15,37.5,40.0,80177,13300,14072,13132,21745850.15,0.9984,13221,0,7531.56,3663.63,961,42735,646316,262956,1074857,1.0,0.0,21985.21,187605,46901.38,656861,903405,1335296,8.24,52.51,2,16,2,1,2,1659,random
random_3_cold,random,cold,16,40.0,42.5,102176,16333,21564,15960,21079441.85,0.9979,16226,0,7028.17,3113.53,1255,39605,664892,225728,1042282,1.0,0.0,21985.21,187605,46901.38,656861,903405,1335296,8.24,52.51,2,16,2,1,2,1659,random
random_3_cold,random,cold,17,42.5,45.0,58496,9706,7123,10323,21606252.42,0.9984,9675,0,6399.92,2467.98,1025,40020,714585,240475,1129952,1.0,0.0,21985.21,187605,46901.38,656861,903405,1335296,8.24,52.51,2,16,2,1,2,1659,random
random_3_cold,random,cold,18,45.0,47.5,117231,19289,21733,18896,21287854.02,0.9978,19125,0,7027.04,3283.62,120,43146,690530,619430,1120152,1.0,0.0,21985.21,187605,46901.38,656861,903405,1335296,8.24,52.51,2,16,2,1,2,1659,random
random_3_cold,random,cold,19,47.5,50.0,64983,10078,13546,10284,20547673.99,0.9984,10020,0,7456.91,3627.45,586,42699,650327,262881,1075159,1.0,0.0,21985.21,187605,46901.38,656861,903405,1335296,8.24,52.51,2,16,2,1,2,1659,random
random_3_cold,random,cold,20,50.0,52.5,58044,9853,6423,10403,20043759.81,0.9943,9806,0,7785.19,3911.01,32,44382,669818,2084739,1099368,1.0,0.0,21985.21,187605,46901.38,656861,903405,1335296,8.24,52.51,2,16,2,1,2,1659,random
random_3_cold,random,cold,21,52.5,55.0,56477,9375,11784,8806,20714137.38,0.9987,9335,0,7775.4,3922.05,960,49198,636952,269868,1092727,1.0,0.0,21985.21,187605,46901.38,656861,903405,1335296,8.24,52.51,2,16,2,1,2,1659,random
random_3_cold,random,cold,22,55.0,57.5,103468,16205,15883,17738,21178141.01,0.9977,16083,0,7545.52,3733.42,1008,40625,646898,261204,1083337,1.0,0.0,21985.21,187605,46901.38,656861,903405,1335296,8.24,52.51,2,16,2,1,2,1659,random
random_3_cold,random,cold,23,57.5,60.0,80745,13506,15181,12950,21377392.94,0.9987,13414,0,7753.22,3888.05,616,41993,636799,277139,1086059,1.0,0.0,21985.21,187605,46901.38,656861,903405,1335296,8.24,52.51,2,16,2,1,2,1659,random
random_3_warm,random,warm,0,0.0,2.5,43971,7326,7296,7327,22737646.29,0.9984,7301,0,7323.14,3985.85,144,43951,709845,555120,1272173,1.0,0.0,20387.9,173975,43493.83,713608,825188,1548288,8.12,42.16,2,16,2,1,2,144,random
random_3_warm,random,warm,1,2.5,5.0,154252,24611,24327,26291,19763526.68,0.9978,24322,0,7430.11,4011.94,644,91042,698360,333887,1285323,1.0,0.0,20387.9,173975,43493.83,713608,825188,1548288,8.12,42.16,2,16,2,1,2,144,random
random_3_warm,random,warm,2,5.0,7.5,104879,25704,34732,10743,17831543.93,0.997,25354,0,7344.56,3854.04,1135,66512,699986,325324,1277221,1.0,0.0,20387.9,173975,43493.83,713608,825188,1548288,8.12,42.16,2,16,2,1,2,144,random
random_3_warm,random,warm,3,7.5,10.0,91775,18193,24610,12212,19072353.95,0.9976,18017,0,7270.29,3866.46,34,134431,739413,2069098,1274813,1.0,0.0,20387.9,173975,43493.83,713608,825188,1548288,8.12,42.16,2,16,2,1,2,144,random
random_3_warm,random,warm,4,10.0,12.5,125291,24033,29469,17702,18862183.14,0.9977,23754,0,7346.28,3847.55,872,110386,699848,331450,1277253,1.0,0.0,20387.9,173975,43493.83,713608,825188,1548288,8.12,42.16,2,16,2,1,2,144,random
random_3_warm,random,warm,5,12.5,15.0,54205,11431,15763,6716,19084507.3,0.9968,11372,0,7348.64,3866.85,703,58438,702855,338098,1294632,1.0,0.0,20387.9,173975,43493.83,713608,825188,1548288,8.12,42.16,2,16,2,1,2,144,random
random_3_warm,random,warm,6,15.0,17.5,124528,31010,44701,12069,17778914.31,0.997,30538,0,7057.1,3541.57,1233,53356,706270,299039,1240494,1.0,0.0,20387.9,173975,43493.83,713608,825188,1548288,8.12,42.16,2,16,2,1,2,144,random
random_3_warm,random,warm,7,17.5,20.0,63945,14649,16941,8056,17933402.33,0.9977,14543,0,7496.09,4113.8,802,48691,698681,337925,1299034,1.0,0.0,20387.9,173975,43493.83,713608,825188,1548288,8.12,42.16,2,16,2,1,2,144,random
random_3_warm,random,warm,8,20.0,22.5,94345,26395,38611,7216,17483752.05,0.9972,26054,0,7038.89,3613.3,859,101265,710716,307843,1240953,1.0,0.0,20387.9,173975,43493.83,713608,825188,1548288,8.12,42.16,2,16,2,1,2,144,random
random_3_warm,random,warm,9,22.5,25.0,83931,16173,20408,11675,18189252.07,0.9972,16069,0,5972.17,2484.83,31,51849,823054,2360375,1284076,1.0,0.0,20387.9,173975,43493.83,713608,825188,1548288,8.12,42.16,2,16,2,1,2,144,random
random_3_warm,random,warm,10,25.0,27.5,85811,19684,23586,10567,18687817.34,0.9953,19411,0,7345.81,3836.03,931,52793,694406,317246,1242295,1.0,0.0,20387.9,173975,43493.83,713608,825188,1548288,8.12,42.16,2,16,2,1,2,144,random
random_3_warm,random,warm,11,27.5,30.0,88083,19502,28035,10024,18219326.43,0.9968,19284,0,7012.89,3530.42,985,43433,710690,303616,1241368,1.0,0.0,20387.9,173975,43493.83,713608,825188,1548288,8.12,42.16,2,16,2,1,2,144,random
random_3_warm,random,warm,12,30.0,32.5,61051,10085,12480,9591,19558547.0,0.9971,10028,0,7362.77,3864.24,767,52595,697600,324611,1268240,1.0,0.0,20387.9,173975,43493.83,713608,825188,1548288,8.12,42.16,2,16,2,1,2,144,random
random_3_warm,random,warm,13,32.5,35.0,96984,13400,12378,17799,20254801.95,0.9984,13315,0,7439.1,3989.45,972,39794,695465,327154,1268358,1.0,0.0,20387.9,173975,43493.83,713608,825188,1548288,8.12,42.16,2,16,2,1,2,144,random
random_3_warm,random,warm,14,35.0,37.5,97498,29227,43781,5920,16798969.54,0.9969,28778,0,7380.18,3849.22,919,44218,694381,322370,1263627,1.0,0.0,20387.9,173975,43493.83,713608,825188,1548288,8.12,42.16,2,16,2,1,2,144,random
random_3_warm,random,warm,15,37.5,40.0,85973,19683,23848,10535,18733635.04,0.9973,19493,0,7496.64,4128.14,18,67775,817998,4652074,1302843,1.0,0.0,20387.9,173975,43493.83,713608,825188,1548288,8.12,42.16,2,16,2,1,2,144,random
random_3_warm,random,warm,16,40.0,42.5,125335,25892,29391,17363,19339679.49,0.9964,25552,0,7246.43,3737.77,1250,57392,701748,314852,1272990,1.0,0.0,20387.9,173975,43493.83,713608,825188,1548288,8.12,42.16,2,16,2,1,2,144,random
random_3_warm,random,warm,17,42.5,45.0,69923,18233,27707,5898,17870554.66,0.9979,18059,0,7267.76,3842.73,753,43200,699670,311042,1254680,1.0,0.0,20387.9,173975,43493.83,713608,825188,1548288,8.12,42.16,2,16,2,1,2,144,random
random_3_warm,random,warm,18,45.0,47.5,90494,23768,31655,8662,16511420.4,0.9977,23494,0,6727.8,3217.44,925,38695,721881,288549,1213659,1.0,0.0,20387.9,173975,43493.83,713608,825188,1548288,8.12,42.16,2,16,2,1,2,144,random
random_3_warm,random,warm,19,47.5,50.0,80859,11510,13280,13965,19346875.13,0.9936,11445,0,6146.04,2919.48,851,32193,774681,290407,1301360,1.0,0.0,20387.9,173975,43493.83,713608,825188,1548288,8.12,42.16,2,16,2,1,2,144,random
random_3_warm,random,warm,20,50.0,52.5,78081,12600,12622,13078,18479171.86,0.9935,12512,0,7368.57,3954.17,813,256561,698768,330683,1277102,1.0,0.0,20387.9,173975,43493.83,713608,825188,1548288,8.12,42.16,2,16,2,1,2,144,random
random_3_warm,random,warm,21,52.5,55.0,97155,19797,23116,13467,18880320.12,0.9973,19590,0,7436.93,3992.2,1014,45131,697396,328236,1278988,1.0,0.0,20387.9,173975,43493.83,713608,825188,1548288,8.12,42.16,2,16,2,1,2,144,random
random_3_warm,random,warm,22,55.0,57.5,111652,21731,25629,15795,18862862.96,0.9963,21469,0,7361.36,3915.29,958,55376,703513,333777,1296004,1.0,0.0,20387.9,173975,43493.83,713608,825188,1548288,8.12,42.16,2,16,2,1,2,144,random
random_3_warm,random,warm,23,57.5,60.0,99672,20572,27289,12801,17765760.69,0.9971,20371,0,7173.56,3766.54,803,50923,706776,314657,1255972,1.0,0.0,20387.9,173975,43493.83,713608,825188,1548288,8.12,42.16,2,16,2,1,2,144,random
mixed_1_cold,mixed,cold,0,0.0,2.5,51120,328,328,328,4289346.13,0.4526,328,0,41467.11,37732.41,508,394747,4383343,13472761,7585352,1.0,0.0,11572.12,98744,1542.89,5950748,24578063,123207680,2.36,10.74,64k,8,2,1,2,2910,mixed
mixed_1_cold,mixed,cold,1,2.5,5.0,260131,713,689,713,1490989.44,0.7725,712,0,40834.01,36468.09,358,421006,5491062,18949284,8018563,1.0,0.0,11572.12,98744,1542.89,5950748,24578063,123207680,2.36,10.74,64k,8,2,1,2,2910,mixed
mixed_1_cold,mixed,cold,2,5.0,7.5,67465,286,288,272,4552156.69,0.7474,272,0,40959.17,39363.53,345,440155,6006614,20040979,8197623,1.0,0.0,11572.12,98744,1542.89,5950748,24578063,123207680,2.36,10.74,64k,8,2,1,2,2910,mixed
mixed_1_cold,mixed,cold,3,7.5,10.0,108974,352,323,328,3896221.17,0.7037,328,0,41483.24,38557.89,375,438958,6209412,20352258,8995604,1.0,0.0,11572.12,98744,1542.89,5950748,24578063,123207680,2.36,10.74,64k,8,2,1,2,2910,mixed
mixed_1_cold,mixed,cold,4,10.0,12.5,57499,184,183,184,95911.17,0.8251,184,0,41093.66,37677.84,109,388412,8954426,43500408,10581280,1.0,0.0,11572.12,98744,1542.89,5950748,24578063,123207680,2.36,10.74,64k,8,2,1,2,2910,mixed
mixed_1_cold,mixed,cold,5,12.5,15.0,1084,117,123,117,1408837.1,0.8707,117,0,28407.08,33696.76,151,279046,35934623,67912218,104223502,1.0,0.0,11572.12,98744,1542.89,5950748,24578063,123207680,2.36,10.74,64k,8,2,1,2,2910,mixed
mixed_1_cold,mixed,cold,6,15.0,17.5,90,14,20,12,16499003.08,0.5385,8,0,32953.92,35005.39,311,361643,8851006,17141270,27781536,1.0,0.0,11572.12,98744,1542.89,5950748,24578063,123207680,2.36,10.74,64k,8,2,1,2,2910,mixed
mixed_1_cold,mixed,cold,7,17.5,20.0,650,123,109,103,13762153.31,0.8607,109,0,41069.31,39308.82,353,514346,6017087,19960750,8315446,1.0,0.0,11572.12,98744,1542.89,5950748,24578063,123207680,2.36,10.74,64k,8,2,1,2,2910,mixed
mixed_1_cold,mixed,cold,8,20.0,22.5,995,176,168,176,97672.05,0.8857,176,0,39874.92,36705.69,345,443194,5422503,18331907,8079800,1.0,0.0,11572.12,98744,1542.89,5950748,24578063,123207680,2.36,10.74,64k,8,2,1,2,2910,mixed
mixed_1_cold,mixed,cold,9,22.5,25.0,30966,4865,4865,4863,6790446.52,0.9936,4657,0,39616.14,36089.87,368,445580,6213385,20443102,8508681,1.0,0.0,11572.12,98744,1542.89,5950748,24578063,123207680,2.36,10.74,64k,8,2,1,2,2910,mixed
mixed_1_cold,mixed,cold,10,25.0,27.5,40538,6303,6302,6303,7047478.68,0.9987,5988,0,40011.33,37617.4,368,415616,5695267,19255367,8436282,1.0,0.0,11572.12,98744,1542.89,5950748,24578063,123207680,2.36,10.74,64k,8,2,1,2,2910,mixed
mixed_1_cold,mixed,cold,11,27.5,30.0,47491,7420,7406,7401,7072831.7,0.9958,7001,0,39235.29,36448.77,372,488961,5982460,19620207,8819973,1.0,0.0,11572.12,98744,1542.89,5950748,24578063,123207680,2.36,10.74,64k,8,2,1,2,2910,mixed
mixed_1_cold,mixed,cold,12,30.0,32.5,43300,6744,6742,6744,7005940.23,0.9987,6357,0,40212.1,38653.16,371,448437,5970218,19430804,8633638,1.0,0.0,11572.12,98744,1542.89,5950748,24578063,123207680,2.36,10.74,64k,8,2,1,2,2910,mixed
mixed_1_cold,mixed,cold,13,32.5,35.0,42691,6609,6577,6574,7184041.1,0.9924,6252,0,39467.91,36248.6,358,467927,5328223,17584835,8315779,1.0,0.0,11572.12,98744,1542.89,5950748,24578063,123207680,2.36,10.74,64k,8,2,1,2,2910,mixed
mixed_1_cold,mixed,cold,14,35.0,37.5,13324,2106,2106,2106,6728175.03,0.9995,2074,0,36853.43,36016.71,54,362706,17251725,82521438,72949830,1.0,0.0,11572.12,98744,1542.89,5950748,24578063,123207680,2.36,10.74,64k,8,2,1,2,2910,mixed
mixed_1_cold,mixed,cold,15,37.5,40.0,10651,1630,1605,1601,7457110.26,0.9779,1586,0,28915.81,36349.1,153,178760,36241897,67349047,105997361,1.0,0.0,11572.12,98744,1542.89,5950748,24578063,123207680,2.36,10.74,64k,8,2,1,2,2910,mixed
mixed_1_cold,mixed,cold,16,40.0,42.5,39399,6100,6100,6100,6832538.7,0.9962,5808,0,28099.44,32920.18,404,188539,13270311,19622379,50705102,1.0,0.0,11572.12,98744,1542.89,5950748,24578063,123207680,2.36,10.74,64k,8,2,1,2,2910,mixed
mixed_1_cold,mixed,cold,17,42.5,45.0,41626,6500,6473,6471,7082431.96,0.992,6149,0,39744.02,37701.1,362,634817,6059118,19820466,8540791,1.0,0.0,11572.12,98744,1542.89,5950748,24578063,123207680,2.36,10.74,64k,8,2,1,2,2910,mixed
mixed_1_cold,mixed,cold,18,45.0,47.5,46068,7187,7187,7187,7065472.3,0.9972,6778,0,38947.84,35491.28,360,399948,6025965,19879413,8351258,1.0,0.0,11572.12,98744,1542.89,5950748,24578063,123207680,2.36,10.74,64k,8,2,1,2,2910,mixed
mixed_1_cold,mixed,cold,19,47.5,50.0,41245,6429,6406,6403,7067878.61,0.9921,6081,0,39280.53,35743.33,358,357823,6240128,20427903,8593084,1.0,0.0,11572.12,98744,1542.89,5950748,24578063,123207680,2.36,10.74,64k,8,2,1,2,2910,mixed
mixed_1_cold,mixed,cold,20,50.0,52.5,47039,7275,7275,7275,7183297.3,0.9781,6680,0,40638.11,39052.88,363,474053,6381095,21208104,8951706,1.0,0.0,11572.12,98744,1542.89,5950748,24578063,123207680,2.36,10.74,64k,8,2,1,2,2910,mixed
mixed_1_cold,mixed,cold,21,52.5,55.0,41104,6440,6421,6419,7144865.23,0.9949,6124,0,40234.52,37390.62,365,352207,5829987,19182360,8441341,1.0,0.0,11572.12,98744,1542.89,5950748,24578063,123207680,2.36,10.74,64k,8,2,1,2,2910,mixed
mixed_1_cold,mixed,cold,22,55.0,57.5,41490,6405,6407,6405,7439988.66,0.9944,6090,0,39075.42,35721.49,368,394282,6115578,19986618,8436669,1.0,0.0,11572.12,98744,1542.89,5950748,24578063,123207680,2.36,10.74,64k,8,2,1,2,2910,mixed
mixed_1_cold,mixed,cold,23,57.5,60.0,47557,7394,7353,7363,7201133.06,0.9927,6962,0,39677.06,36970.04,366,402184,6317447,20849771,8884028,1.0,0.0,11572.12,98744,1542.89,5950748,24578063,123207680,2.36,10.74,64k,8,2,1,2,2910,mixed
mixed_1_warm,mixed,warm,0,0.0,2.5,1762,275,259,275,6399581.52,0.9854,273,0,39687.34,36827.86,120,413737,4901326,26297529,7562155,1.0,0.0,13424.31,114551,1789.86,5024552,24838505,121110528,2.62,11.93,64k,8,2,1,2,2381,mixed
mixed_1_warm,mixed,warm,1,2.5,5.0,57017,8905,8888,8885,7037392.52,0.9963,8241,0,39934.82,37624.75,2314,418204,2996482,2413662,7494689,1.0,0.0,13424.31,114551,1789.86,5024552,24838505,121110528,2.62,11.93,64k,8,2,1,2,2381,mixed
mixed_1_warm,mixed,warm,2,5.0,7.5,82963,12884,12885,12884,7090251.59,0.998,11627,0,38738.26,35534.68,1894,400562,3022793,2614838,7498323,1.0,0.0,13424.31,114551,1789.86,5024552,24838505,121110528,2.62,11.93,64k,8,2,1,2,2381,mixed
mixed_1_warm,mixed,warm,3,7.5,10.0,83650,13082,13050,13048,7026243.4,0.9953,11756,0,39767.33,37264.77,1855,380280,3008120,2653750,7432952,1.0,0.0,13424.31,114551,1789.86,5024552,24838505,121110528,2.62,11.93,64k,8,2,1,2,2381,mixed
mixed_1_warm,mixed,warm,4,10.0,12.5,83954,13068,13069,13068,7023143.2,0.9966,11793,0,39012.37,35489.3,1918,458031,2954132,2372759,7146127,1.0,0.0,13424.31,114551,1789.86,5024552,24838505,121110528,2.62,11.93,64k,8,2,1,2,2381,mixed
mixed_1_warm,mixed,warm,5,12.5,15.0,85659,13307,13275,13272,7073043.98,0.9944,11934,0,40898.37,38834.07,1101,426683,2973268,3114283,7149552,1.0,0.0,13424.31,114551,1789.86,5024552,24838505,121110528,2.62,11.93,64k,8,2,1,2,2381,mixed
mixed_1_warm,mixed,warm,6,15.0,17.5,84912,13220,13222,13220,7241226.24,0.9887,11420,0,41678.9,36528.08,4375,469028,2683518,2010624,7092712,1.0,0.0,13424.31,114551,1789.86,5024552,24838505,121110528,2.62,11.93,64k,8,2,1,2,2381,mixed
mixed_1_warm,mixed,warm,7,17.5,20.0,81164,12674,12644,12644,7242707.42,0.9953,11458,0,33324.56,39607.55,63,130939,273764453,320695536,744309288,1.0,0.0,13424.31,114551,1789.86,5024552,24838505,121110528,2.62,11.93,64k,8,2,1,2,2381,mixed
mixed_1_warm,mixed,warm,8,20.0,22.5,1062,166,166,166,6619518.45,1.0,165,0,22537.11,33100.5,66,191233,123181118,157828645,430372425,1.0,0.0,13424.31,114551,1789.86,5024552,24838505,121110528,2.62,11.93,64k,8,2,1,2,2381,mixed
mixed_1_warm,mixed,warm,9,22.5,25.0,2391,384,370,367,8646644.76,0.9608,366,0,21422.11,30884.36,80,137642,110983383,151600954,366668319,1.0,0.0,13424.31,114551,1789.86,5024552,24838505,121110528,2.62,11.93,64k,8,2,1,2,2381,mixed
mixed_1_warm,mixed,warm,10,25.0,27.5,2131,336,320,336,6403569.24,0.9642,335,0,28702.13,36818.55,73,148978,78130579,146644055,434094436,1.0,0.0,13424.31,114551,1789.86,5024552,24838505,121110528,2.62,11.93,64k,8,2,1,2,2381,mixed
mixed_1_warm,mixed,warm,11,27.5,30.0,4203,677,665,645,8728291.69,0.9541,643,0,40144.0,38265.65,56,433694,8240279,66009783,8652103,1.0,0.0,13424.31,114551,1789.86,5024552,24838505,121110528,2.62,11.93,64k,8,2,1,2,2381,mixed
mixed_1_warm,mixed,warm,12,30.0,32.5,33506,5193,5192,5193,6982611.85,0.9948,4989,0,40775.15,37858.95,154,402061,7461265,29501195,8826981,1.0,0.0,13424.31,114551,1789.86,5024552,24838505,121110528,2.62,11.93,64k,8,2,1,2,2381,mixed
mixed_1_warm,mixed,warm,13,32.5,35.0,31842,4929,4917,4916,7377726.72,0.9919,4718,0,25012.11,33861.21,147,189443,44100969,71961981,137270381,1.0,0.0,13424.31,114551,1789.86,5024552,24838505,121110528,2.62,11.93,64k,8,2,1,2,2381,mixed
mixed_1_warm,mixed,warm,14,35.0,37.5,6514,1029,1014,1012,7303589.81,0.9961,1019,0,29553.03,32961.24,175,190896,13399224,30787128,51840871,1.0,0.0,13424.31,114551,1789.86,5024552,24838505,121110528,2.62,11.93,64k,8,2,1,2,2381,mixed
mixed_1_warm,mixed,warm,15,37.5,40.0,21984,3343,3319,3316,7104105.29,0.9874,3241,0,39702.22,38312.11,348,423550,6346926,19865572,13096556,1.0,0.0,13424.31,114551,1789.86,5024552,24838505,121110528,2.62,11.93,64k,8,2,1,2,2381,mixed
mixed_1_warm,mixed,warm,16,40.0,42.5,40439,6348,6348,6348,6979879.89,0.9968,6016,0,40213.7,38811.47,371,436624,5831632,19306868,8256955,1.0,0.0,13424.31,114551,1789.86,5024552,24838505,121110528,2.62,11.93,64k,8,2,1,2,2381,mixed
mixed_1_warm,mixed,warm,17,42.5,45.0,43238,6752,6729,6725,6995795.15,0.9927,6372,0,39735.22,37180.35,357,366112,6112569,19985173,8401689,1.0,0.0,13424.31,114551,1789.86,5024552,24838505,121110528,2.62,11.93,64k,8,2,1,2,2381,mixed
mixed_1_warm,mixed,warm,18,45.0,47.5,41136,6401,6400,6401,6857247.78,0.997,6096,0,41554.52,40180.99,367,705583,6190535,20459299,9070080,1.0,0.0,13424.31,114551,1789.86,5024552,24838505,121110528,2.62,11.93,64k,8,2,1,2,2381,mixed
mixed_1_warm,mixed,warm,19,47.5,50.0,41100,6413,6381,6378,7186322.94,0.9899,6022,0,39283.62,36749.03,367,414776,6284746,20830396,8996569,1.0,0.0,13424.31,114551,1789.86,5024552,24838505,121110528,2.62,11.93,64k,8,2,1,2,2381,mixed
mixed_1_warm,mixed,warm,20,50.0,52.5,40296,6264,6264,6264,6883876.97,0.9797,5818,0,39366.13,35634.86,374,345129,6130960,20013880,8844815,1.0,0.0,13424.31,114551,1789.86,5024552,24838505,121110528,2.62,11.93,64k,8,2,1,2,2381,mixed
mixed_1_warm,mixed,warm,21,52.5,55.0,42062,6570,6543,6539,7157255.26,0.9922,6244,0,38939.1,36504.72,370,359384,6058461,19884476,8325270,1.0,0.0,13424.31,114551,1789.86,5024552,24838505,121110528,2.62,11.93,64k,8,2,1,2,2381,mixed
mixed_1_warm,mixed,warm,22,55.0,57.5,41910,6526,6525,6526,7194915.23,0.9983,6229,0,39887.42,37421.17,373,349790,6322519,21043760,8709037,1.0,0.0,13424.31,114551,1789.86,5024552,24838505,121110528,2.62,11.93,64k,8,2,1,2,2381,mixed
mixed_1_warm,mixed,warm,23,57.5,60.0,40202,6270,6240,6237,7221294.79,0.9909,5918,0,39389.49,36679.21,366,422502,6138354,20082691,8825946,1.0,0.0,13424.31,114551,1789.86,5024552,24838505,121110528,2.62,11.93,64k,8,2,1,2,2381,mixed
mixed_2_cold,mixed,cold,0,0.0,2.5,44374,327,327,327,4408081.77,0.454,327,0,42590.93,39417.21,356,365076,6222971,20884552,7819595,1.0,0.0,11283.75,96238,1503.72,5873525,23216056,123207680,2.31,10.42,64k,8,2,1,2,2891,mixed
mixed_2_cold,mixed,cold,1,2.5,5.0,242572,689,640,659,2509234.38,0.7355,658,0,41553.95,38647.62,369,580529,5782360,19519523,7930850,1.0,0.0,11283.75,96238,1503.72,5873525,23216056,123207680,2.31,10.42,64k,8,2,1,2,2891,mixed
mixed_2_cold,mixed,cold,2,5.0,7.5,229009,825,826,825,691687.83,0.7779,822,0,40713.68,36626.01,357,357321,6261006,21290449,8108633,1.0,0.0,11283.75,96238,1503.72,5873525,23216056,123207680,2.31,10.42,64k,8,2,1,2,2891,mixed
mixed_2_cold,mixed,cold,3,7.5,10.0,30285,197,196,184,5205154.86,0.8163,185,0,43775.71,39336.08,365,442266,5803686,19785126,8510658,1.0,0.0,11283.75,96238,1503.72,5873525,23216056,123207680,2.31,10.42,64k,8,2,1,2,2891,mixed
mixed_2_cold,mixed,cold,4,10.0,12.5,914,158,167,158,7715.87,0.9936,158,0,41245.33,38131.46,378,419701,5973842,19927760,7798861,1.0,0.0,11283.75,96238,1503.72,5873525,23216056,123207680,2.31,10.42,64k,8,2,1,2,2891,mixed
mixed_2_cold,mixed,cold,5,12.5,15.0,1051,183,176,178,6211714.73,0.9505,174,0,36773.97,36765.89,72,307112,23901337,95431061,85031080,1.0,0.0,11283.75,96238,1503.72,5873525,23216056,123207680,2.31,10.42,64k,8,2,1,2,2891,mixed
mixed_2_cold,mixed,cold,6,15.0,17.5,15875,2469,2457,2461,6478586.78,0.9976,2412,0,30438.39,35189.12,142,201425,27973847,59863532,107263103,1.0,0.0,11283.75,96238,1503.72,5873525,23216056,123207680,2.31,10.42,64k,8,2,1,2,2891,mixed
mixed_2_cold,mixed,cold,7,17.5,20.0,41871,6513,6512,6513,6383207.35,0.9979,6165,0,38109.52,38240.83,500,363935,6227094,14548014,17762074,1.0,0.0,11283.75,96238,1503.72,5873525,23216056,123207680,2.31,10.42,64k,8,2,1,2,2891,mixed
mixed_2_cold,mixed,cold,8,20.0,22.5,42947,6707,6674,6671,6811884.55,0.9924,6348,0,41278.52,38624.44,358,401556,6052846,20294562,8148917,1.0,0.0,11283.75,96238,1503.72,5873525,23216056,123207680,2.31,10.42,64k,8,2,1,2,2891,mixed
mixed_2_cold,mixed,cold,9,22.5,25.0,43003,6742,6687,6681,7044863.77,0.9896,6316,0,41826.01,39917.58,356,398090,6307395,21343157,8172700,1.0,0.0,11283.75,96238,1503.72,5873525,23216056,123207680,2.31,10.42,64k,8,2,1,2,2891,mixed
mixed_2_cold,mixed,cold,10,25.0,27.5,42372,6628,6595,6593,6926551.06,0.9922,6286,0,38624.46,34467.2,354,355586,5971269,19650466,8391836,1.0,0.0,11283.75,96238,1503.72,5873525,23216056,123207680,2.31,10.42,64k,8,2,1,2,2891,mixed
mixed_2_cold,mixed,cold,11,27.5,30.0,31519,4939,4939,4939,6940005.9,0.9984,4756,0,41875.13,39778.93,362,381014,6326765,20743581,8863798,1.0,0.0,11283.75,96238,1503.72,5873525,23216056,123207680,2.31,10.42,64k,8,2,1,2,2891,mixed
mixed_2_cold,mixed,cold,12,30.0,32.5,7882,1192,1171,1168,6899729.34,0.9723,1161,0,40199.97,37715.22,351,425586,6342573,21370333,8724635,1.0,0.0,11283.75,96238,1503.72,5873525,23216056,123207680,2.31,10.42,64k,8,2,1,2,2891,mixed
mixed_2_cold,mixed,cold,13,32.5,35.0,20520,3146,3147,3146,6326017.91,0.9949,3079,0,42181.59,95614.69,370,7176522,5888653,19362392,8808803,1.0,0.0,11283.75,96238,1503.72,5873525,23216056,123207680,2.31,10.42,64k,8,2,1,2,2891,mixed
mixed_2_cold,mixed,cold,14,35.0,37.5,40456,6314,6280,6278,7216362.11,0.991,5980,0,40276.34,37821.46,364,419253,5371054,17652295,8135581,1.0,0.0,11283.75,96238,1503.72,5873525,23216056,123207680,2.31,10.42,64k,8,2,1,2,2891,mixed
mixed_2_cold,mixed,cold,15,37.5,40.0,43207,6733,6733,6733,6446945.83,0.9982,6378,0,40774.5,39833.38,365,471454,6006671,19756324,8092371,1.0,0.0,11283.75,96238,1503.72,5873525,23216056,123207680,2.31,10.42,64k,8,2,1,2,2891,mixed
mixed_2_cold,mixed,cold,16,40.0,42.5,40119,6258,6229,6226,7194625.33,0.9933,5940,0,41099.44,38314.84,346,394085,6236084,21061069,8901347,1.0,0.0,11283.75,96238,1503.72,5873525,23216056,123207680,2.31,10.42,64k,8,2,1,2,2891,mixed
mixed_2_cold,mixed,cold,17,42.5,45.0,41965,6463,6463,6463,7798716.03,0.9884,6126,0,40234.44,36494.01,157,388458,7475029,30860438,9258435,1.0,0.0,11283.75,96238,1503.72,5873525,23216056,123207680,2.31,10.42,64k,8,2,1,2,2891,mixed
mixed_2_cold,mixed,cold,18,45.0,47.5,41519,6466,6439,6436,7390345.44,0.9743,5993,0,27156.87,34416.45,91,175941,45768988,99273061,116004664,1.0,0.0,11283.75,96238,1503.72,5873525,23216056,123207680,2.31,10.42,64k,8,2,1,2,2891,mixed
mixed_2_cold,mixed,cold,19,47.5,50.0,42552,6621,6621,6621,6837966.59,0.997,6272,0,28565.8,34868.85,152,161324,27659582,51649064,81550373,1.0,0.0,11283.75,96238,1503.72,5873525,23216056,123207680,2.31,10.42,64k,8,2,1,2,2891,mixed
mixed_2_cold,mixed,cold,20,50.0,52.5,41133,6420,6388,6385,7397242.15,0.9911,6079,0,35087.31,35373.49,248,398037,7376790,20237398,19096250,1.0,0.0,11283.75,96238,1503.72,5873525,23216056,123207680,2.31,10.42,64k,8,2,1,2,2891,mixed
mixed_2_cold,mixed,cold,21,52.5,55.0,47973,7461,7455,7461,7050151.89,0.9954,7044,0,39771.7,36947.65,361,327401,5928143,19570350,8405492,1.0,0.0,11283.75,96238,1503.72,5873525,23216056,123207680,2.31,10.42,64k,8,2,1,2,2891,mixed
mixed_2_cold,mixed,cold,22,55.0,57.5,40656,6306,6294,6291,7287772.98,0.994,5983,0,40178.47,37828.98,369,435007,6378127,21295521,8932188,1.0,0.0,11283.75,96238,1503.72,5873525,23216056,123207680,2.31,10.42,64k,8,2,1,2,2891,mixed
mixed_2_cold,mixed,cold,23,57.5,60.0,40384,6265,6271,6265,6772365.63,0.9957,5977,0,39809.62,37974.84,358,347267,6092002,19877860,8742140,1.0,0.0,11283.75,96238,1503.72,5873525,23216056,123207680,2.31,10.42,64k,8,2,1,2,2891,mixed
mixed_2_warm,mixed,warm,0,0.0,2.5,7061,1116,1101,1116,5871858.78,0.9973,1106,0,39934.7,37749.95,2196,462530,2944552,2367480,7157560,1.0,0.0,14660.25,125046,1953.85,4671725,19880503,120061952,2.97,13.59,64k,8,2,1,2,2301,mixed
mixed_2_warm,mixed,warm,1,2.5,5.0,80177,12510,12478,12475,6710334.52,0.9942,11290,0,38971.69,35733.0,1101,399120,3121991,3437445,7627199,1.0,0.0,14660.25,125046,1953.85,4671725,19880503,120061952,2.97,13.59,64k,8,2,1,2,2301,mixed
mixed_2_warm,mixed,warm,2,5.0,7.5,85322,13280,13280,13280,6926108.01,0.9974,11874,0,40671.43,37054.62,1906,400947,2955770,2704136,7532222,1.0,0.0,14660.25,125046,1953.85,4671725,19880503,120061952,2.97,13.59,64k,8,2,1,2,2301,mixed
mixed_2_warm,mixed,warm,3,7.5,10.0,84448,13158,13129,13127,6871013.89,0.9957,11830,0,39641.74,37416.27,843,524997,3208400,3943097,7679101,1.0,0.0,14660.25,125046,1953.85,4671725,19880503,120061952,2.97,13.59,64k,8,2,1,2,2301,mixed
mixed_2_warm,mixed,warm,4,10.0,12.5,78523,12212,12213,12212,7067756.23,0.9966,11094,0,40200.82,36749.94,2263,439765,2891086,2295331,7003254,1.0,0.0,14660.25,125046,1953.85,4671725,19880503,120061952,2.97,13.59,64k,8,2,1,2,2301,mixed
mixed_2_warm,mixed,warm,5,12.5,15.0,81502,12680,12654,12652,6815610.21,0.9926,11445,0,42582.98,38322.38,292,469247,2923302,7924384,6609746,1.0,0.0,14660.25,125046,1953.85,4671725,19880503,120061952,2.97,13.59,64k,8,2,1,2,2301,mixed
mixed_2_warm,mixed,warm,6,15.0,17.5,89823,13973,13973,13973,6937960.28,0.9891,12326,0,43892.97,40257.4,380,385333,4985534,17164199,7824760,1.0,0.0,14660.25,125046,1953.85,4671725,19880503,120061952,2.97,13.59,64k,8,2,1,2,2301,mixed
mixed_2_warm,mixed,warm,7,17.5,20.0,46809,7330,7314,7310,7306118.6,0.9955,6901,0,43197.51,40562.53,365,690194,5793697,19838948,7778497,1.0,0.0,14660.25,125046,1953.85,4671725,19880503,120061952,2.97,13.59,64k,8,2,1,2,2301,mixed
mixed_2_warm,mixed,warm,8,20.0,22.5,42942,6701,6701,6701,6794304.96,0.9972,6368,0,43846.64,40670.4,363,498862,5960932,20056430,8829207,1.0,0.0,14660.25,125046,1953.85,4671725,19880503,120061952,2.97,13.59,64k,8,2,1,2,2301,mixed
mixed_2_warm,mixed,warm,9,22.5,25.0,43831,6809,6777,6775,8232820.01,0.9874,6454,0,42192.1,37870.0,366,490021,6091232,20947767,8091497,1.0,0.0,14660.25,125046,1953.85,4671725,19880503,120061952,2.97,13.59,64k,8,2,1,2,2301,mixed
mixed_2_warm,mixed,warm,10,25.0,27.5,42894,6691,6692,6692,6488098.61,0.9985,6351,0,41339.5,37573.08,366,471498,5700608,19205376,7885301,1.0,0.0,14660.25,125046,1953.85,4671725,19880503,120061952,2.97,13.59,64k,8,2,1,2,2301,mixed
mixed_2_warm,mixed,warm,11,27.5,30.0,42293,6612,6585,6582,6790714.1,0.9926,6244,0,40730.96,37228.97,371,387118,5957778,19686430,7987879,1.0,0.0,14660.25,125046,1953.85,4671725,19880503,120061952,2.97,13.59,64k,8,2,1,2,2301,mixed
mixed_2_warm,mixed,warm,12,30.0,32.5,43278,6746,6748,6746,6676080.01,0.9961,6399,0,41292.17,37591.77,372,417567,6050525,20391924,8483050,1.0,0.0,14660.25,125046,1953.85,4671725,19880503,120061952,2.97,13.59,64k,8,2,1,2,2301,mixed
mixed_2_warm,mixed,warm,13,32.5,35.0,41674,6503,6483,6482,6799656.88,0.992,6171,0,40695.79,38075.31,376,470709,6266446,20600076,8424040,1.0,0.0,14660.25,125046,1953.85,4671725,19880503,120061952,2.97,13.59,64k,8,2,1,2,2301,mixed
mixed_2_warm,mixed,warm,14,35.0,37.5,40152,6245,6245,6245,6890576.34,0.979,5945,0,42225.0,38837.64,380,485836,5941920,19924463,8691695,1.0,0.0,14660.25,125046,1953.85,4671725,19880503,120061952,2.97,13.59,64k,8,2,1,2,2301,mixed
mixed_2_warm,mixed,warm,15,37.5,40.0,44569,6914,6886,6883,6984324.15,0.991,6526,0,42266.72,37941.49,376,481429,5086739,17778251,7975854,1.0,0.0,14660.25,125046,1953.85,4671725,19880503,120061952,2.97,13.59,64k,8,2,1,2,2301,mixed
mixed_2_warm,mixed,warm,16,40.0,42.5,46494,7261,7261,7261,6757813.24,0.9978,6890,0,42392.86,39313.25,374,495958,6051169,20177994,8317490,1.0,0.0,14660.25,125046,1953.85,4671725,19880503,120061952,2.97,13.59,64k,8,2,1,2,2301,mixed
mixed_2_warm,mixed,warm,17,42.5,45.0,44419,6937,6924,6918,6950484.95,0.9965,6572,0,41912.21,38116.27,368,394165,5727729,19049858,8495766,1.0,0.0,14660.25,125046,1953.85,4671725,19880503,120061952,2.97,13.59,64k,8,2,1,2,2301,mixed
mixed_2_warm,mixed,warm,18,45.0,47.5,40593,6318,6315,6318,6586640.8,0.9973,6010,0,39918.16,36672.34,372,397440,5917560,19415039,8819671,1.0,0.0,14660.25,125046,1953.85,4671725,19880503,120061952,2.97,13.59,64k,8,2,1,2,2301,mixed
mixed_2_warm,mixed,warm,19,47.5,50.0,43475,6786,6761,6758,6556101.01,0.9932,6421,0,40726.74,38019.8,371,392292,6047049,20267774,8786414,1.0,0.0,14660.25,125046,1953.85,4671725,19880503,120061952,2.97,13.59,64k,8,2,1,2,2301,mixed
mixed_2_warm,mixed,warm,20,50.0,52.5,40886,6366,6366,6366,6864130.8,0.9959,6057,0,40678.3,38033.46,371,445801,6067967,19800349,8449729,1.0,0.0,14660.25,125046,1953.85,4671725,19880503,120061952,2.97,13.59,64k,8,2,1,2,2301,mixed
mixed_2_warm,mixed,warm,21,52.5,55.0,42865,6744,6722,6718,6808816.35,0.9929,6373,0,40165.65,36813.58,374,395183,5973262,19698411,8322617,1.0,0.0,14660.25,125046,1953.85,4671725,19880503,120061952,2.97,13.59,64k,8,2,1,2,2301,mixed
mixed_2_warm,mixed,warm,22,55.0,57.5,41318,6434,6433,6434,6658480.09,0.9981,6125,0,39945.28,37178.05,368,516348,6376079,21303091,8394369,1.0,0.0,14660.25,125046,1953.85,4671725,19880503,120061952,2.97,13.59,64k,8,2,1,2,2301,mixed
mixed_2_warm,mixed,warm,23,57.5,60.0,39964,6182,6151,6148,6863550.61,0.9905,5872,0,41390.49,38697.23,369,476036,5969497,20279229,8528043,1.0,0.0,14660.25,125046,1953.85,4671725,19880503,120061952,2.97,13.59,64k,8,2,1,2,2301,mixed
mixed_3_cold,mixed,cold,0,0.0,2.5,44380,326,326,326,4290066.49,0.4554,326,0,42131.88,38432.08,346,477643,5734932,19880012,7703143,1.0,0.0,12545.06,106965,1671.34,5443131,23429803,122159104,2.6,11.41,64k,8,2,1,2,2856,mixed
mixed_3_cold,mixed,cold,1,2.5,5.0,289138,852,813,822,5312283.67,0.7262,820,0,40951.5,37115.82,506,487010,3358782,8399498,6842386,1.0,0.0,12545.06,106965,1671.34,5443131,23429803,122159104,2.6,11.41,64k,8,2,1,2,2856,mixed
mixed_3_cold,mixed,cold,2,5.0,7.5,207750,746,738,746,1742018.9,0.7758,746,0,44319.94,40286.9,364,534085,3498569,11105746,7119262,1.0,0.0,12545.06,106965,1671.34,5443131,23429803,122159104,2.6,11.41,64k,8,2,1,2,2856,mixed
mixed_3_cold,mixed,cold,3,7.5,10.0,5235,192,193,172,5496057.05,0.8325,173,0,40896.1,38204.89,70,328961,14626996,77238439,63148104,1.0,0.0,12545.06,106965,1671.34,5443131,23429803,122159104,2.6,11.41,64k,8,2,1,2,2856,mixed
mixed_3_cold,mixed,cold,4,10.0,12.5,1008,178,167,178,36085.88,0.9831,178,0,29987.37,34788.12,143,199506,22570734,53609170,83895947,1.0,0.0,12545.06,106965,1671.34,5443131,23429803,122159104,2.6,11.41,64k,8,2,1,2,2856,mixed
mixed_3_cold,mixed,cold,5,12.5,15.0,952,170,172,160,7040387.41,0.929,161,0,38882.44,37805.47,520,362065,5965375,14947253,16561665,1.0,0.0,12545.06,106965,1671.34,5443131,23429803,122159104,2.6,11.41,64k,8,2,1,2,2856,mixed
mixed_3_cold,mixed,cold,6,15.0,17.5,34397,5336,5325,5334,26822255.55,0.997,5100,0,41158.23,37958.29,358,465216,5915244,20398303,8238012,1.0,0.0,12545.06,106965,1671.34,5443131,23429803,122159104,2.6,11.41,64k,8,2,1,2,2856,mixed
mixed_3_cold,mixed,cold,7,17.5,20.0,72587,11334,11334,11334,26734605.78,0.9978,10362,0,40842.8,38182.87,356,380753,5451163,18326365,7645610,1.0,0.0,12545.06,106965,1671.34,5443131,23429803,122159104,2.6,11.41,64k,8,2,1,2,2856,mixed
mixed_3_cold,mixed,cold,8,20.0,22.5,62017,9685,9652,9649,26524163.63,0.9936,8913,0,41235.65,37676.25,364,381406,5996837,19968585,8046017,1.0,0.0,12545.06,106965,1671.34,5443131,23429803,122159104,2.6,11.41,64k,8,2,1,2,2856,mixed
mixed_3_cold,mixed,cold,9,22.5,25.0,36636,5698,5698,5698,26629404.69,0.9961,5436,0,40490.68,37688.45,364,443905,5365368,17822298,7946715,1.0,0.0,12545.06,106965,1671.34,5443131,23429803,122159104,2.6,11.41,64k,8,2,1,2,2856,mixed
mixed_3_cold,mixed,cold,10,25.0,27.5,8364,1192,1166,1163,25511160.3,0.9463,1160,0,40152.7,37085.13,362,650429,6030288,20103915,8449110,1.0,0.0,12545.06,106965,1671.34,5443131,23429803,122159104,2.6,11.41,64k,8,2,1,2,2856,mixed
mixed_3_cold,mixed,cold,11,27.5,30.0,37798,5896,5897,5896,26954172.41,0.9981,5640,0,40424.39,37041.81,365,470280,5463602,18587052,8165075,1.0,0.0,12545.06,106965,1671.34,5443131,23429803,122159104,2.6,11.41,64k,8,2,1,2,2856,mixed
mixed_3_cold,mixed,cold,12,30.0,32.5,43806,6777,6759,6757,26088056.31,0.9947,6410,0,40183.72,36884.81,361,399261,5341582,17744662,8082360,1.0,0.0,12545.06,106965,1671.34,5443131,23429803,122159104,2.6,11.41,64k,8,2,1,2,2856,mixed
mixed_3_cold,mixed,cold,13,32.5,35.0,46830,7309,7309,7309,26884816.18,0.9974,6874,0,42195.72,38535.02,369,488313,5416770,18034139,8390451,1.0,0.0,12545.06,106965,1671.34,5443131,23429803,122159104,2.6,11.41,64k,8,2,1,2,2856,mixed
mixed_3_cold,mixed,cold,14,35.0,37.5,41987,6546,6528,6525,26987439.09,0.9948,6215,0,42505.84,38365.57,370,422526,5849637,19748559,8262575,1.0,0.0,12545.06,106965,1671.34,5443131,23429803,122159104,2.6,11.41,64k,8,2,1,2,2856,mixed
mixed_3_cold,mixed,cold,15,37.5,40.0,46728,7284,7284,7284,25945880.27,0.9773,6778,0,41784.09,38189.8,363,452953,6053407,21067969,7892781,1.0,0.0,12545.06,106965,1671.34,5443131,23429803,122159104,2.6,11.41,64k,8,2,1,2,2856,mixed
mixed_3_cold,mixed,cold,16,40.0,42.5,42861,6688,6659,6656,26477723.29,0.9933,6328,0,43837.85,40911.57,371,476362,5818609,19803148,8232084,1.0,0.0,12545.06,106965,1671.34,5443131,23429803,122159104,2.6,11.41,64k,8,2,1,2,2856,mixed
mixed_3_cold,mixed,cold,17,42.5,45.0,48013,7491,7491,7491,26911735.18,0.9985,7046,0,26583.32,34097.85,59,184991,53092399,148201376,116666359,1.0,0.0,12545.06,106965,1671.34,5443131,23429803,122159104,2.6,11.41,64k,8,2,1,2,2856,mixed
mixed_3_cold,mixed,cold,18,45.0,47.5,42463,6616,6599,6596,26748557.33,0.9947,6256,0,28427.55,35479.25,173,184178,25537658,42595457,80473613,1.0,0.0,12545.06,106965,1671.34,5443131,23429803,122159104,2.6,11.41,64k,8,2,1,2,2856,mixed
mixed_3_cold,mixed,cold,19,47.5,50.0,50715,7859,7860,7859,26630874.19,0.9968,7397,0,38124.46,37112.34,228,389993,5431597,15094735,15553550,1.0,0.0,12545.06,106965,1671.34,5443131,23429803,122159104,2.6,11.41,64k,8,2,1,2,2856,mixed
mixed_3_cold,mixed,cold,20,50.0,52.5,42293,6601,6571,6569,26348609.22,0.9905,6269,0,39636.33,36580.55,372,414200,5440564,17870549,8188240,1.0,0.0,12545.06,106965,1671.34,5443131,23429803,122159104,2.6,11.41,64k,8,2,1,2,2856,mixed
mixed_3_cold,mixed,cold,21,52.5,55.0,43385,6767,6767,6767,26380618.08,0.9975,6398,0,39239.45,36491.55,352,410428,6149966,20178475,8498475,1.0,0.0,12545.06,106965,1671.34,5443131,23429803,122159104,2.6,11.41,64k,8,2,1,2,2856,mixed
mixed_3_cold,mixed,cold,22,55.0,57.5,44141,6907,6874,6871,26987371.88,0.993,6494,0,39753.26,36561.75,366,433121,5339065,17626982,8024697,1.0,0.0,12545.06,106965,1671.34,5443131,23429803,122159104,2.6,11.41,64k,8,2,1,2,2856,mixed
mixed_3_cold,mixed,cold,23,57.5,60.0,4323,679,679,679,26015651.49,0.9808,676,0,40288.1,37845.55,366,402300,5635645,19175489,8121939,1.0,0.0,12545.06,106965,1671.34,5443131,23429803,122159104,2.6,11.41,64k,8,2,1,2,2856,mixed
mixed_3_warm,mixed,warm,0,0.0,2.5,6817,1076,1061,1076,27114423.84,0.9944,1066,0,39535.9,37391.05,1562,401770,3037048,2722532,7324403,1.0,0.0,14935.56,127445,1991.34,4617328,20897813,120061952,3.06,13.35,64k,8,2,1,2,2266,mixed
mixed_3_warm,mixed,warm,1,2.5,5.0,82625,12895,12879,12876,26659362.29,0.9959,11599,0,39463.81,36618.09,1946,411888,2963313,2421295,7269646,1.0,0.0,14935.56,127445,1991.34,4617328,20897813,120061952,3.06,13.35,64k,8,2,1,2,2266,mixed
mixed_3_warm,mixed,warm,2,5.0,7.5,84592,13155,13155,13154,26816588.59,0.998,11790,0,39371.43,36998.56,624,383817,3681250,5482650,9739610,1.0,0.0,14935.56,127445,1991.34,4617328,20897813,120061952,3.06,13.35,64k,8,2,1,2,2266,mixed
mixed_3_warm,mixed,warm,3,7.5,10.0,69120,10722,10703,10702,26727666.91,0.9935,9874,0,39670.24,36863.17,1777,469045,2968051,2622973,7195502,1.0,0.0,14935.56,127445,1991.34,4617328,20897813,120061952,3.06,13.35,64k,8,2,1,2,2266,mixed
mixed_3_warm,mixed,warm,4,10.0,12.5,85878,13385,13385,13385,26840199.78,0.9968,12017,0,39224.53,36178.17,2064,631136,2958237,2547249,6952063,1.0,0.0,14935.56,127445,1991.34,4617328,20897813,120061952,3.06,13.35,64k,8,2,1,2,2266,mixed
mixed_3_warm,mixed,warm,5,12.5,15.0,85224,13277,13251,13248,26676673.11,0.9936,11924,0,41123.52,37426.92,827,409694,2924823,3392377,7000302,1.0,0.0,14935.56,127445,1991.34,4617328,20897813,120061952,3.06,13.35,64k,8,2,1,2,2266,mixed
mixed_3_warm,mixed,warm,6,15.0,17.5,86284,13454,13454,13454,26524566.68,0.9884,11869,0,41144.64,37175.12,4388,390907,2840518,2099094,7071175,1.0,0.0,14935.56,127445,1991.34,4617328,20897813,120061952,3.06,13.35,64k,8,2,1,2,2266,mixed
mixed_3_warm,mixed,warm,7,17.5,20.0,88359,13749,13717,13713,27015323.65,0.9951,12293,0,41331.91,36516.42,506,401814,4320030,13508315,7668671,1.0,0.0,14935.56,127445,1991.34,4617328,20897813,120061952,3.06,13.35,64k,8,2,1,2,2266,mixed
mixed_3_warm,mixed,warm,8,20.0,22.5,52407,8198,8198,8198,26676635.17,0.9967,7696,0,40848.47,38704.5,368,482858,5598308,19015166,7954837,1.0,0.0,14935.56,127445,1991.34,4617328,20897813,120061952,3.06,13.35,64k,8,2,1,2,2266,mixed
mixed_3_warm,mixed,warm,9,22.5,25.0,47321,7410,7383,7380,26303598.51,0.9934,6944,0,42500.31,38744.65,371,488724,5962116,20553099,7908606,1.0,0.0,14935.56,127445,1991.34,4617328,20897813,120061952,3.06,13.35,64k,8,2,1,2,2266,mixed
mixed_3_warm,mixed,warm,10,25.0,27.5,43364,6720,6719,6720,27395388.96,0.9951,6377,0,42904.66,38843.28,358,368140,5684257,19562277,7935201,1.0,0.0,14935.56,127445,1991.34,4617328,20897813,120061952,3.06,13.35,64k,8,2,1,2,2266,mixed
mixed_3_warm,mixed,warm,11,27.5,30.0,42436,6639,6606,6603,26297557.81,0.9926,6273,0,43674.56,38349.92,348,438887,5190263,18075270,8010508,1.0,0.0,14935.56,127445,1991.34,4617328,20897813,120061952,3.06,13.35,64k,8,2,1,2,2266,mixed
mixed_3_warm,mixed,warm,12,30.0,32.5,49618,7761,7763,7761,26897894.7,0.9976,7291,0,42081.9,38154.4,357,455756,6060095,21219494,7867872,1.0,0.0,14935.56,127445,1991.34,4617328,20897813,120061952,3.06,13.35,64k,8,2,1,2,2266,mixed
mixed_3_warm,mixed,warm,13,32.5,35.0,32305,5012,5010,5012,25459610.49,0.9707,4751,0,25433.97,31787.02,60,165786,54861527,154952120,120374564,1.0,0.0,14935.56,127445,1991.34,4617328,20897813,120061952,3.06,13.35,64k,8,2,1,2,2266,mixed
mixed_3_warm,mixed,warm,14,35.0,37.5,6146,971,955,952,27706058.87,0.9794,950,0,29365.46,34715.37,157,215725,17272745,37683209,68118753,1.0,0.0,14935.56,127445,1991.34,4617328,20897813,120061952,3.06,13.35,64k,8,2,1,2,2266,mixed
mixed_3_warm,mixed,warm,15,37.5,40.0,17870,2794,2795,2794,26271954.26,1.0,2733,0,38496.56,36915.85,513,609399,5304920,14090053,14561591,1.0,0.0,14935.56,127445,1991.34,4617328,20897813,120061952,3.06,13.35,64k,8,2,1,2,2266,mixed
mixed_3_warm,mixed,warm,16,40.0,42.5,47990,7439,7421,7419,27116606.27,0.9934,7002,0,40394.18,37564.05,371,440211,5367025,17821466,7992547,1.0,0.0,14935.56,127445,1991.34,4617328,20897813,120061952,3.06,13.35,64k,8,2,1,2,2266,mixed
mixed_3_warm,mixed,warm,17,42.5,45.0,47731,7450,7450,7450,27073307.45,0.9985,7062,0,39877.18,36580.86,367,355841,5568631,18775721,8096344,1.0,0.0,14935.56,127445,1991.34,4617328,20897813,120061952,3.06,13.35,64k,8,2,1,2,2266,mixed
mixed_3_warm,mixed,warm,18,45.0,47.5,46388,7245,7226,7225,26572871.91,0.9936,6837,0,41724.0,38321.67,366,427705,5899225,19623051,9325218,1.0,0.0,14935.56,127445,1991.34,4617328,20897813,120061952,3.06,13.35,64k,8,2,1,2,2266,mixed
mixed_3_warm,mixed,warm,19,47.5,50.0,44717,6948,6946,6949,26888412.09,0.9965,6596,0,40038.5,38732.31,357,428199,5293506,17533419,7987591,1.0,0.0,14935.56,127445,1991.34,4617328,20897813,120061952,3.06,13.35,64k,8,2,1,2,2266,mixed
mixed_3_warm,mixed,warm,20,50.0,52.5,48781,7567,7541,7533,26947078.09,0.9937,7090,0,40134.97,37078.02,374,367597,5333903,17604278,8030368,1.0,0.0,14935.56,127445,1991.34,4617328,20897813,120061952,3.06,13.35,64k,8,2,1,2,2266,mixed
mixed_3_warm,mixed,warm,21,52.5,55.0,47647,7438,7438,7438,26772689.68,0.9977,7004,0,40217.58,38037.22,370,515082,6117404,20141473,8223037,1.0,0.0,14935.56,127445,1991.34,4617328,20897813,120061952,3.06,13.35,64k,8,2,1,2,2266,mixed
mixed_3_warm,mixed,warm,22,55.0,57.5,42784,6685,6656,6652,26563749.42,0.9916,6315,0,41290.57,38730.12,362,476175,5390282,17987864,8200767,1.0,0.0,14935.56,127445,1991.34,4617328,20897813,120061952,3.06,13.35,64k,8,2,1,2,2266,mixed
mixed_3_warm,mixed,warm,23,57.5,60.0,45283,7066,7065,7066,26429705.19,0.995,6675,0,41824.56,38253.74,350,439844,6147248,20940653,8765565,1.0,0.0,14935.56,127445,1991.34,4617328,20897813,120061952,3.06,13.35,64k,8,2,1,2,2266,mixed
